"","Sample","Gene","Chr","ChrStart","ChrEnd","Type","Effect","CDS","TMajor","TMinor","Confidence","Label"
"amp.1","PD31028a","EGFR","7",54822852,55302128,"amp",NA,NA,137,2,NA,"EGFR ampl CN=137"
"amp.2","PD31028a","EGFR","7",55303300,55594944,"amp",NA,NA,124,2,NA,"EGFR ampl CN=124"
"amp.3","PD31029a","TERC","3",169177154,172698536,"amp",NA,NA,6,1,NA,"TERC ampl CN=6"
"amp.4","PD31031a","CCNE1","19",29661585,31055911,"amp",NA,NA,14,3,NA,"CCNE1 ampl CN=14"
"amp.5","PD31031a","MYCL1","1",38883265,40628071,"amp",NA,NA,10,5,NA,"MYCL1 ampl CN=10"
"amp.6","PD31031a","TERT","5",1119553,2080594,"amp",NA,NA,12,6,NA,"TERT ampl CN=12"
"amp.7","PD31037a","EGFR","7",54693799,55762611,"amp",NA,NA,21,4,NA,"EGFR ampl CN=21"
"amp.8","PD31037a","ERLIN2","8",37038245,39622511,"amp",NA,NA,8,4,NA,"ERLIN2 ampl CN=8"
"amp.9","PD31037a","WHSC1L1","8",37038245,39622511,"amp",NA,NA,8,4,NA,"WHSC1L1 ampl CN=8"
"amp.10","PD31044a","MDM4","1",201653344,205623680,"amp",NA,NA,5,2,NA,"MDM4 ampl CN=5"
"amp.11","PD31045a","MCL1","1",149774879,168753122,"amp",NA,NA,8,2,NA,"MCL1 ampl CN=8"
"amp.12","PD31045a","TERT","5",94491,2056867,"amp",NA,NA,8,4,NA,"TERT ampl CN=8"
"amp.13","PD31046a","CCND1","11",69411311,70019182,"amp",NA,NA,21,0,NA,"CCND1 ampl CN=21"
"amp.14","PD31046a","MDM4","1",192427102,211070861,"amp",NA,NA,12,6,NA,"MDM4 ampl CN=12"
"amp.15","PD31047a","PIK3CA","3",138645013,183089017,"amp",NA,NA,7,2,NA,"PIK3CA ampl CN=7"
"amp.16","PD31047a","SOX2","3",138645013,183089017,"amp",NA,NA,7,2,NA,"SOX2 ampl CN=7"
"amp.17","PD31047a","TERC","3",138645013,183089017,"amp",NA,NA,7,2,NA,"TERC ampl CN=7"
"amp.18","PD31048a","MYCN","2",10587,16985767,"amp",NA,NA,6,3,NA,"MYCN ampl CN=6"
"amp.19","PD31049a","MYCN","2",14401086,22098922,"amp",NA,NA,9,2,NA,"MYCN ampl CN=9"
"amp.20","PD31057a","REL","2",59824902,62604517,"amp",NA,NA,8,0,NA,"REL ampl CN=8"
"amp.21","PD31058a","AKT3","1",199668205,249239902,"amp",NA,NA,14,2,NA,"AKT3 ampl CN=14"
"amp.22","PD31058a","MCL1","1",149710791,199665735,"amp",NA,NA,13,2,NA,"MCL1 ampl CN=13"
"amp.23","PD31058a","MDM4","1",199668205,249239902,"amp",NA,NA,14,2,NA,"MDM4 ampl CN=14"
"amp.24","PD31059a","EGFR","7",54969338,57224400,"amp",NA,NA,10,3,NA,"EGFR ampl CN=10"
"amp.25","PD31059a","MYC","8",119505000,134360993,"amp",NA,NA,8,4,NA,"MYC ampl CN=8"
"amp.26","PD31063a","CDK4","12",58077544,58450156,"amp",NA,NA,5,2,NA,"CDK4 ampl CN=5"
"amp.27","PD31063a","EGFR","7",53056764,55271122,"amp",NA,NA,57,1,NA,"EGFR ampl CN=57"
"amp.28","PD31065a","KRAS","12",25136942,26494194,"amp",NA,NA,9,2,NA,"KRAS ampl CN=9"
"amp.29","PD31065a","WHSC1L1","8",38107873,39231634,"amp",NA,NA,12,2,NA,"WHSC1L1 ampl CN=12"
"amp.30","PD31066a","AKT2","19",39400175,41235038,"amp",NA,NA,18,2,NA,"AKT2 ampl CN=18"
"amp.31","PD31066a","EGFR","7",53301933,57030932,"amp",NA,NA,12,2,NA,"EGFR ampl CN=12"
"amp.32","PD31066a","MYC","8",126654034,144574947,"amp",NA,NA,12,6,NA,"MYC ampl CN=12"
"amp.33","PD31067a","IGF1R","15",98090687,99886197,"amp",NA,NA,14,0,NA,"IGF1R ampl CN=14"
"amp.34","PD31067a","MYC","8",127578027,140487399,"amp",NA,NA,9,3,NA,"MYC ampl CN=9"
"amp.35","PD31068a","ERBB2","17",37461149,38124203,"amp",NA,NA,8,0,NA,"ERBB2 ampl CN=8"
"amp.36","PD31072a","EGFR","7",55081877,55105275,"amp",NA,NA,184,2,NA,"EGFR ampl CN=184"
"amp.37","PD31072a","EGFR","7",55107056,55731837,"amp",NA,NA,159,2,NA,"EGFR ampl CN=159"
"amp.38","PD31074a","CCNE1","19",28907824,32579416,"amp",NA,NA,9,2,NA,"CCNE1 ampl CN=9"
"amp.39","PD31074a","PIK3CA","3",176887272,184307525,"amp",NA,NA,7,2,NA,"PIK3CA ampl CN=7"
"amp.40","PD31074a","SOX2","3",176887272,184307525,"amp",NA,NA,7,2,NA,"SOX2 ampl CN=7"
"amp.41","PD31074a","TERC","3",165332696,176848699,"amp",NA,NA,7,2,NA,"TERC ampl CN=7"
"amp.42","PD31080a","MYC","8",128711821,129543949,"amp",NA,NA,22,2,NA,"MYC ampl CN=22"
"amp.43","PD31086a","AKT2","19",40537801,40880127,"amp",NA,NA,13,2,NA,"AKT2 ampl CN=13"
"amp.44","PD31086a","CCNE1","19",27731855,40535964,"amp",NA,NA,11,2,NA,"CCNE1 ampl CN=11"
"amp.45","PD31086a","MYC","8",125035360,138651923,"amp",NA,NA,11,2,NA,"MYC ampl CN=11"
"amp.46","PD31086a","NSD1","5",175662581,177038828,"amp",NA,NA,15,2,NA,"NSD1 ampl CN=15"
"amp.47","PD31087a","MYC","8",121903972,129696384,"amp",NA,NA,16,8,NA,"MYC ampl CN=16"
"amp.48","PD31089a","MCL1","1",149760974,152141074,"amp",NA,NA,9,0,NA,"MCL1 ampl CN=9"
"amp.49","PD31092a","MCL1","1",149714956,151748829,"amp",NA,NA,10,3,NA,"MCL1 ampl CN=10"
"amp.50","PD31092a","MYC","8",121327673,132972259,"amp",NA,NA,8,4,NA,"MYC ampl CN=8"
"amp.51","PD31093a","MYC","8",124775637,128844462,"amp",NA,NA,6,3,NA,"MYC ampl CN=6"
"amp.52","PD31097a","MYC","8",125952862,128758679,"amp",NA,NA,8,4,NA,"MYC ampl CN=8"
"amp.53","PD31099a","CCND3","6",39252978,45845801,"amp",NA,NA,9,2,NA,"CCND3 ampl CN=9"
"amp.54","PD31099a","EGFR","7",51744629,56740932,"amp",NA,NA,11,2,NA,"EGFR ampl CN=11"
"amp.55","PD31099a","MCL1","1",149871065,167116873,"amp",NA,NA,10,3,NA,"MCL1 ampl CN=10"
"amp.56","PD31101a","CCND3","6",38165945,44974956,"amp",NA,NA,5,0,NA,"CCND3 ampl CN=5"
"amp.57","PD31105a","IGF1R","15",99005294,99583897,"amp",NA,NA,10,2,NA,"IGF1R ampl CN=10"
"amp.58","PD31105a","MCL1","1",150486381,151359478,"amp",NA,NA,9,1,NA,"MCL1 ampl CN=9"
"amp.59","PD31105a","MYC","8",128218724,128841372,"amp",NA,NA,12,6,NA,"MYC ampl CN=12"
"amp.60","PD31107a","ERLIN2","8",36108050,38257506,"amp",NA,NA,18,2,NA,"ERLIN2 ampl CN=18"
"amp.61","PD31107a","WHSC1L1","8",36108050,38257506,"amp",NA,NA,18,2,NA,"WHSC1L1 ampl CN=18"
"amp.62","PD31108a","CCND1","11",69281578,69521342,"amp",NA,NA,8,1,NA,"CCND1 ampl CN=8"
"amp.63","PD31108a","CDK6","7",92128835,93622247,"amp",NA,NA,10,2,NA,"CDK6 ampl CN=10"
"amp.64","PD31108a","MYC","8",120674107,146303788,"amp",NA,NA,11,1,NA,"MYC ampl CN=11"
"amp.65","PD31109a","CCND3","6",100116,57201472,"amp",NA,NA,7,3,NA,"CCND3 ampl CN=7"
"amp.66","PD31109a","MCL1","1",150418468,150931462,"amp",NA,NA,12,0,NA,"MCL1 ampl CN=12"
"amp.67","PD31111a","CCNE1","19",29288324,30718611,"amp",NA,NA,7,3,NA,"CCNE1 ampl CN=7"
"amp.68","PD31111a","PIK3CA","3",177863765,179005156,"amp",NA,NA,9,1,NA,"PIK3CA ampl CN=9"
"amp.69","PD31111a","SOX2","3",179006208,182112224,"amp",NA,NA,7,1,NA,"SOX2 ampl CN=7"
"amp.70","PD31112a","MCL1","1",149854890,151186087,"amp",NA,NA,5,2,NA,"MCL1 ampl CN=5"
"amp.71","PD31115a","MCL1","1",149736104,153212060,"amp",NA,NA,6,0,NA,"MCL1 ampl CN=6"
"amp.72","PD31116a","CCNE1","19",29982025,30899282,"amp",NA,NA,37,0,NA,"CCNE1 ampl CN=37"
"amp.73","PD31120a","CCNE1","19",28652482,31951305,"amp",NA,NA,20,1,NA,"CCNE1 ampl CN=20"
"amp.74","PD31120a","EGFR","7",55026059,55309690,"amp",NA,NA,88,2,NA,"EGFR ampl CN=88"
"amp.75","PD31120a","EGFR","7",55312340,55923350,"amp",NA,NA,78,2,NA,"EGFR ampl CN=78"
"amp.76","PD31120a","MYC","8",128054409,129078332,"amp",NA,NA,12,3,NA,"MYC ampl CN=12"
"amp.77","PD31121a","TERC","3",138025136,178090580,"amp",NA,NA,10,2,NA,"TERC ampl CN=10"
"amp.78","PD31123a","IGF1R","15",98705445,99901749,"amp",NA,NA,39,0,NA,"IGF1R ampl CN=39"
"amp.79","PD31123a","MYC","8",116594138,135457845,"amp",NA,NA,17,5,NA,"MYC ampl CN=17"
"amp.80","PD31124a","CCNE1","19",29957059,30758365,"amp",NA,NA,7,2,NA,"CCNE1 ampl CN=7"
"amp.81","PD31124a","MYC","8",122028577,128879644,"amp",NA,NA,8,1,NA,"MYC ampl CN=8"
"amp.82","PD31124a","NOTCH3","19",14993354,15376869,"amp",NA,NA,54,2,NA,"NOTCH3 ampl CN=54"
"amp.83","PD31125a","MCL1","1",149707202,151875372,"amp",NA,NA,8,4,NA,"MCL1 ampl CN=8"
"amp.84","PD31128a","KRAS","12",24449026,26205558,"amp",NA,NA,13,0,NA,"KRAS ampl CN=13"
"amp.85","PD31128a","MCL1","1",149818561,173933901,"amp",NA,NA,7,0,NA,"MCL1 ampl CN=7"
"amp.86","PD31129a","MDM2","12",67542727,70245155,"amp",NA,NA,7,1,NA,"MDM2 ampl CN=7"
"amp.87","PD31130a","MYC","8",125400827,129596286,"amp",NA,NA,7,0,NA,"MYC ampl CN=7"
"amp.88","PD31130a","NOTCH3","19",11341635,18043973,"amp",NA,NA,10,3,NA,"NOTCH3 ampl CN=10"
"amp.89","PD31130a","PIK3CA","3",176971893,185080298,"amp",NA,NA,7,3,NA,"PIK3CA ampl CN=7"
"amp.90","PD31130a","SOX2","3",176971893,185080298,"amp",NA,NA,7,3,NA,"SOX2 ampl CN=7"
"amp.91","PD31134a","KRAS","12",25329172,25574123,"amp",NA,NA,6,2,NA,"KRAS ampl CN=6"
"amp.92","PD31136a","PDGFRA","4",55057049,55179059,"amp",NA,NA,17,3,NA,"PDGFRA ampl CN=17"
"amp.93","PD31139a","MYC","8",107403578,146303788,"amp",NA,NA,10,1,NA,"MYC ampl CN=10"
"amp.94","PD31142a","MYC","8",127615109,130426099,"amp",NA,NA,21,1,NA,"MYC ampl CN=21"
"amp.95","PD31142a","WHSC1L1","8",37891747,39738812,"amp",NA,NA,12,1,NA,"WHSC1L1 ampl CN=12"
"amp.96","PD31144a","MYC","8",128663327,128777719,"amp",NA,NA,11,0,NA,"MYC ampl CN=11"
"amp.97","PD31145a","MCL1","1",150478623,150554458,"amp",NA,NA,9,2,NA,"MCL1 ampl CN=9"
"amp.98","PD31145a","MYC","8",128548449,128776540,"amp",NA,NA,9,2,NA,"MYC ampl CN=9"
"amp.99","PD31146a","MCL1","1",149747295,152654385,"amp",NA,NA,6,2,NA,"MCL1 ampl CN=6"
"amp.100","PD31146a","MYC","8",121060449,129817412,"amp",NA,NA,7,3,NA,"MYC ampl CN=7"
"amp.101","PD31146a","PIK3CA","3",173773777,179192975,"amp",NA,NA,6,2,NA,"PIK3CA ampl CN=6"
"amp.102","PD31146a","TERC","3",168866906,171697302,"amp",NA,NA,6,2,NA,"TERC ampl CN=6"
"amp.103","PD31147a","TERT","5",269234,2269218,"amp",NA,NA,9,0,NA,"TERT ampl CN=9"
"amp.104","PD31148a","MYC","8",111923110,130886595,"amp",NA,NA,8,1,NA,"MYC ampl CN=8"
"amp.105","PD31150a","ERLIN2","8",32431859,43095526,"amp",NA,NA,5,1,NA,"ERLIN2 ampl CN=5"
"amp.106","PD31150a","WHSC1L1","8",32431859,43095526,"amp",NA,NA,5,1,NA,"WHSC1L1 ampl CN=5"
"amp.107","PD31151a","AKT3","1",232420627,249143646,"amp",NA,NA,6,3,NA,"AKT3 ampl CN=6"
"amp.108","PD31153a","CCND3","6",39207500,49118458,"amp",NA,NA,19,3,NA,"CCND3 ampl CN=19"
"amp.109","PD31155a","CCNE1","19",27924698,31885287,"amp",NA,NA,9,2,NA,"CCNE1 ampl CN=9"
"amp.110","PD31156a","EGFR","7",54731266,55720544,"amp",NA,NA,59,2,NA,"EGFR ampl CN=59"
"amp.111","PD31156a","NOTCH3","19",15026063,15345031,"amp",NA,NA,10,1,NA,"NOTCH3 ampl CN=10"
"amp.112","PD31158a","MYC","8",127601719,129075832,"amp",NA,NA,13,2,NA,"MYC ampl CN=13"
"amp.113","PD31160a","AKT3","1",219570877,249239902,"amp",NA,NA,6,3,NA,"AKT3 ampl CN=6"
"amp.114","PD31160a","MYC","8",46842349,146303788,"amp",NA,NA,5,1,NA,"MYC ampl CN=5"
"amp.115","PD31163a","AKT3","1",150212707,249239902,"amp",NA,NA,8,4,NA,"AKT3 ampl CN=8"
"amp.116","PD31163a","MCL1","1",150212707,249239902,"amp",NA,NA,8,4,NA,"MCL1 ampl CN=8"
"amp.117","PD31163a","MDM4","1",150212707,249239902,"amp",NA,NA,8,4,NA,"MDM4 ampl CN=8"
"amp.118","PD31164a","CCNE1","19",29507631,30881469,"amp",NA,NA,6,3,NA,"CCNE1 ampl CN=6"
"amp.119","PD31164a","WHSC1L1","8",37932861,38252070,"amp",NA,NA,7,1,NA,"WHSC1L1 ampl CN=7"
"amp.120","PD31166a","MYC","8",121970226,145163414,"amp",NA,NA,8,0,NA,"MYC ampl CN=8"
"amp.121","PD31169a","CDK6","7",91532257,112556170,"amp",NA,NA,8,4,NA,"CDK6 ampl CN=8"
"amp.122","PD31169a","MYC","8",116743801,132662721,"amp",NA,NA,10,3,NA,"MYC ampl CN=10"
"amp.123","PD31171a","CDK6","7",90660299,92691351,"amp",NA,NA,5,1,NA,"CDK6 ampl CN=5"
"amp.124","PD31171a","PIK3CA","3",177332308,178943901,"amp",NA,NA,6,1,NA,"PIK3CA ampl CN=6"
"amp.125","PD31171a","PIK3CA","3",178945002,179663956,"amp",NA,NA,7,1,NA,"PIK3CA ampl CN=7"
"amp.126","PD31171a","SOX2","3",179665087,183247583,"amp",NA,NA,6,1,NA,"SOX2 ampl CN=6"
"amp.127","PD31171a","TERC","3",167775210,176482893,"amp",NA,NA,6,1,NA,"TERC ampl CN=6"
"amp.128","PD31175a","JUN","1",53595255,63569036,"amp",NA,NA,8,2,NA,"JUN ampl CN=8"
"amp.129","PD31175a","MYCN","2",10587,19012396,"amp",NA,NA,8,4,NA,"MYCN ampl CN=8"
"amp.130","PD31176a","MDM4","1",203669099,208221368,"amp",NA,NA,5,0,NA,"MDM4 ampl CN=5"
"amp.131","PD31176a","MYC","8",125943339,137033779,"amp",NA,NA,5,2,NA,"MYC ampl CN=5"
"amp.132","PD31177a","CCND1","11",69225846,70912944,"amp",NA,NA,5,1,NA,"CCND1 ampl CN=5"
"amp.133","PD31177a","CCNE1","19",29808524,30442432,"amp",NA,NA,7,2,NA,"CCNE1 ampl CN=7"
"amp.134","PD31177a","KRAS","12",12282409,26999204,"amp",NA,NA,6,2,NA,"KRAS ampl CN=6"
"amp.135","PD31177a","MYC","8",128177298,128906787,"amp",NA,NA,5,1,NA,"MYC ampl CN=5"
"amp.136","PD31178a","TERT","5",1216775,3061349,"amp",NA,NA,5,1,NA,"TERT ampl CN=5"
"amp.137","PD31179a","ERLIN2","8",36687480,38225171,"amp",NA,NA,9,1,NA,"ERLIN2 ampl CN=9"
"amp.138","PD31179a","WHSC1L1","8",36687480,38225171,"amp",NA,NA,9,1,NA,"WHSC1L1 ampl CN=9"
"amp.139","PD31181a","AKT2","19",40321524,41124253,"amp",NA,NA,14,4,NA,"AKT2 ampl CN=14"
"amp.140","PD31181a","ERLIN2","8",37233144,37652759,"amp",NA,NA,19,0,NA,"ERLIN2 ampl CN=19"
"amp.141","PD31181a","WHSC1L1","8",37653869,38406048,"amp",NA,NA,26,0,NA,"WHSC1L1 ampl CN=26"
"amp.142","PD35926a","MYCL1","1",39634671,42237615,"amp",NA,NA,8,1,NA,"MYCL1 ampl CN=8"
"amp.143","PD35926a","NFE2L2","2",178087165,178146736,"amp",NA,NA,9,3,NA,"NFE2L2 ampl CN=9"
"amp.144","PD35926a","NFE2L2","2",178148204,178154116,"amp",NA,NA,8,4,NA,"NFE2L2 ampl CN=8"
"amp.145","PD35926a","PIK3CA","3",177494004,181359231,"amp",NA,NA,13,2,NA,"PIK3CA ampl CN=13"
"amp.146","PD35926a","SOX2","3",181361312,182650847,"amp",NA,NA,12,2,NA,"SOX2 ampl CN=12"
"amp.147","PD35928a","CCNE1","19",28343318,35883551,"amp",NA,NA,8,4,NA,"CCNE1 ampl CN=8"
"amp.148","PD35928a","MCL1","1",149710791,151291701,"amp",NA,NA,23,3,NA,"MCL1 ampl CN=23"
"amp.149","PD35928a","MYC","8",127561724,128767342,"amp",NA,NA,14,2,NA,"MYC ampl CN=14"
"amp.150","PD35929a","KRAS","12",22442514,31225344,"amp",NA,NA,11,2,NA,"KRAS ampl CN=11"
"amp.151","PD35929a","MCL1","1",149984928,152596414,"amp",NA,NA,8,4,NA,"MCL1 ampl CN=8"
"amp.152","PD35929a","MYC","8",119829023,141273753,"amp",NA,NA,8,2,NA,"MYC ampl CN=8"
"amp.153","PD35931a","MCL1","1",149707202,158504274,"amp",NA,NA,11,2,NA,"MCL1 ampl CN=11"
"amp.154","PD35933a","MCL1","1",149710791,151440175,"amp",NA,NA,7,1,NA,"MCL1 ampl CN=7"
"amp.155","PD35934a","JUN","1",59219411,60574781,"amp",NA,NA,8,1,NA,"JUN ampl CN=8"
"amp.156","PD35935a","TERT","5",788914,1651920,"amp",NA,NA,7,2,NA,"TERT ampl CN=7"
"amp.157","PD35936a","ERLIN2","8",31901090,40093036,"amp",NA,NA,5,1,NA,"ERLIN2 ampl CN=5"
"amp.158","PD35936a","WHSC1L1","8",31901090,40093036,"amp",NA,NA,5,1,NA,"WHSC1L1 ampl CN=5"
"amp.159","PD35941a","MYC","8",128082849,135750322,"amp",NA,NA,11,5,NA,"MYC ampl CN=11"
"amp.160","PD35941a","PIK3CA","3",178848402,179492533,"amp",NA,NA,13,2,NA,"PIK3CA ampl CN=13"
"amp.161","PD35941a","TERC","3",155434279,174538784,"amp",NA,NA,8,2,NA,"TERC ampl CN=8"
"amp.162","PD35943a","ERLIN2","8",37082138,38773227,"amp",NA,NA,11,1,NA,"ERLIN2 ampl CN=11"
"amp.163","PD35943a","PDGFRA","4",52714050,55168950,"amp",NA,NA,7,3,NA,"PDGFRA ampl CN=7"
"amp.164","PD35943a","WHSC1L1","8",37082138,38773227,"amp",NA,NA,11,1,NA,"WHSC1L1 ampl CN=11"
"amp.165","PD35944a","AKT2","19",40050897,41040334,"amp",NA,NA,9,2,NA,"AKT2 ampl CN=9"
"amp.166","PD35944a","EGFR","7",54992965,55495987,"amp",NA,NA,127,2,NA,"EGFR ampl CN=127"
"amp.167","PD35945a","MYC","8",128739185,128930415,"amp",NA,NA,5,2,NA,"MYC ampl CN=5"
"amp.168","PD35946a","ERLIN2","8",36440409,38638922,"amp",NA,NA,14,3,NA,"ERLIN2 ampl CN=14"
"amp.169","PD35946a","MYC","8",124254528,141068140,"amp",NA,NA,13,6,NA,"MYC ampl CN=13"
"amp.170","PD35946a","PDGFRA","4",52680564,55881286,"amp",NA,NA,12,6,NA,"PDGFRA ampl CN=12"
"amp.171","PD35946a","WHSC1L1","8",36440409,38638922,"amp",NA,NA,14,3,NA,"WHSC1L1 ampl CN=14"
"amp.172","PD35954a","KRAS","12",19102132,26863753,"amp",NA,NA,5,1,NA,"KRAS ampl CN=5"
"amp.173","PD35955a","MYC","8",126610404,129762394,"amp",NA,NA,8,0,NA,"MYC ampl CN=8"
"amp.174","PD35957a","CCND3","6",41018980,43876967,"amp",NA,NA,6,2,NA,"CCND3 ampl CN=6"
"amp.175","PD35957a","IGF1R","15",98313361,100447932,"amp",NA,NA,8,0,NA,"IGF1R ampl CN=8"
"amp.176","PD35957a","JUN","1",41350787,60706950,"amp",NA,NA,6,2,NA,"JUN ampl CN=6"
"amp.177","PD35957a","TERC","3",169016260,178218964,"amp",NA,NA,6,0,NA,"TERC ampl CN=6"
"amp.178","PD35959a","MYC","8",114387660,128789593,"amp",NA,NA,7,0,NA,"MYC ampl CN=7"
"amp.179","PD35960a","AKT3","1",236583872,244577289,"amp",NA,NA,6,0,NA,"AKT3 ampl CN=6"
"amp.180","PD35960a","ERLIN2","8",36304613,37704038,"amp",NA,NA,7,1,NA,"ERLIN2 ampl CN=7"
"amp.181","PD35960a","WHSC1L1","8",37738616,39052608,"amp",NA,NA,5,1,NA,"WHSC1L1 ampl CN=5"
"amp.182","PD35961a","CDK6","7",92226814,92464778,"amp",NA,NA,59,1,NA,"CDK6 ampl CN=59"
"amp.183","PD35961a","MCL1","1",149711815,151247998,"amp",NA,NA,9,2,NA,"MCL1 ampl CN=9"
"amp.184","PD35961a","MYC","8",128701496,128913694,"amp",NA,NA,11,1,NA,"MYC ampl CN=11"
"amp.185","PD35962a","MCL1","1",150439774,153587256,"amp",NA,NA,6,2,NA,"MCL1 ampl CN=6"
"amp.186","PD35965a","MCL1","1",149998494,162886562,"amp",NA,NA,8,2,NA,"MCL1 ampl CN=8"
"amp.187","PD35966a","NOTCH3","19",15272943,15362584,"amp",NA,NA,13,1,NA,"NOTCH3 ampl CN=13"
"amp.188","PD35967a","CCND1","11",69156679,70071488,"amp",NA,NA,12,1,NA,"CCND1 ampl CN=12"
"amp.189","PD35967a","PDGFRA","4",54759575,58443098,"amp",NA,NA,7,1,NA,"PDGFRA ampl CN=7"
"amp.190","PD35968a","MYC","8",115270132,137599310,"amp",NA,NA,8,2,NA,"MYC ampl CN=8"
"amp.191","PD35975a","AKT1","14",105246325,105327201,"amp",NA,NA,5,0,NA,"AKT1 ampl CN=5"
"amp.192","PD35975a","MCL1","1",150445819,150711157,"amp",NA,NA,10,1,NA,"MCL1 ampl CN=10"
"amp.193","PD35975a","MYC","8",128547384,128804840,"amp",NA,NA,6,1,NA,"MYC ampl CN=6"
"amp.194","PD35979a","MCL1","1",149038342,177687879,"amp",NA,NA,8,2,NA,"MCL1 ampl CN=8"
"amp.195","PD35979a","PDGFRA","4",54825255,64254053,"amp",NA,NA,8,1,NA,"PDGFRA ampl CN=8"
"amp.196","PD35979a","PIK3CA","3",162623758,183520112,"amp",NA,NA,8,2,NA,"PIK3CA ampl CN=8"
"amp.197","PD35979a","SOX2","3",162623758,183520112,"amp",NA,NA,8,2,NA,"SOX2 ampl CN=8"
"amp.198","PD35979a","TERC","3",162623758,183520112,"amp",NA,NA,8,2,NA,"TERC ampl CN=8"
"amp.199","PD35981a","EGFR","7",54943250,55465167,"amp",NA,NA,240,1,NA,"EGFR ampl CN=240"
"amp.200","PD35982a","NOTCH3","19",14678764,15458049,"amp",NA,NA,16,3,NA,"NOTCH3 ampl CN=16"
"amp.201","PD35984a","MYC","8",128752241,128842616,"amp",NA,NA,6,0,NA,"MYC ampl CN=6"
"amp.202","PD35985a","MYC","8",121354329,142958005,"amp",NA,NA,9,4,NA,"MYC ampl CN=9"
"amp.203","PD35986a","PIK3CA","3",177618631,179164552,"amp",NA,NA,5,2,NA,"PIK3CA ampl CN=5"
"amp.204","PD35990a","MYC","8",128627459,128764143,"amp",NA,NA,12,2,NA,"MYC ampl CN=12"
"amp.205","PD35991a","NSD1","5",176079574,177622284,"amp",NA,NA,9,4,NA,"NSD1 ampl CN=9"
"amp.206","PD35992a","IGF1R","15",96727094,99223378,"amp",NA,NA,9,2,NA,"IGF1R ampl CN=9"
"amp.207","PD35992a","IGF1R","15",99504843,102070888,"amp",NA,NA,10,3,NA,"IGF1R ampl CN=10"
"amp.208","PD35993a","TERT","5",11882,10589502,"amp",NA,NA,8,4,NA,"TERT ampl CN=8"
"amp.209","PD35994a","AKT2","19",40050897,40918165,"amp",NA,NA,22,2,NA,"AKT2 ampl CN=22"
"amp.210","PD35994a","CCNE1","19",30105449,30373392,"amp",NA,NA,55,1,NA,"CCNE1 ampl CN=55"
"amp.211","PD35995a","MCL1","1",149732149,151204632,"amp",NA,NA,8,2,NA,"MCL1 ampl CN=8"
"amp.212","PD35996a","IGF1R","15",91429979,99376415,"amp",NA,NA,7,1,NA,"IGF1R ampl CN=7"
"amp.213","PD35996a","IGF1R","15",99379094,102425960,"amp",NA,NA,9,1,NA,"IGF1R ampl CN=9"
"amp.214","PD35996a","MYC","8",124412315,129013429,"amp",NA,NA,11,2,NA,"MYC ampl CN=11"
"amp.215","PD35997a","CCND1","11",69014396,69995059,"amp",NA,NA,13,2,NA,"CCND1 ampl CN=13"
"amp.216","PD35997a","JUN","1",59186340,60253085,"amp",NA,NA,8,1,NA,"JUN ampl CN=8"
"amp.217","PD35997a","PIK3CA","3",178352880,179387797,"amp",NA,NA,22,1,NA,"PIK3CA ampl CN=22"
"amp.218","PD35997a","SOX2","3",180285741,181987543,"amp",NA,NA,7,1,NA,"SOX2 ampl CN=7"
"amp.219","PD35999a","MYC","8",127425540,130592498,"amp",NA,NA,7,2,NA,"MYC ampl CN=7"
"amp.220","PD35999a","TERC","3",167156793,174698988,"amp",NA,NA,10,2,NA,"TERC ampl CN=10"
"amp.221","PD36000a","TERT","5",11882,25609505,"amp",NA,NA,7,3,NA,"TERT ampl CN=7"
"amp.222","PD36001a","MYC","8",57041950,146303788,"amp",NA,NA,6,1,NA,"MYC ampl CN=6"
"amp.223","PD36003a","CCND1","11",68523910,69478870,"amp",NA,NA,10,0,NA,"CCND1 ampl CN=10"
"amp.224","PD36003a","EGFR","7",54533598,55699298,"amp",NA,NA,6,3,NA,"EGFR ampl CN=6"
"amp.225","PD36003a","MCL1","1",149736104,153923276,"amp",NA,NA,8,2,NA,"MCL1 ampl CN=8"
"amp.226","PD36003a","TERT","5",11882,2054494,"amp",NA,NA,6,0,NA,"TERT ampl CN=6"
"amp.227","PD36004a","MYC","8",108853743,137478498,"amp",NA,NA,7,1,NA,"MYC ampl CN=7"
"amp.228","PD36005a","EGFR","7",55076211,55267458,"amp",NA,NA,16,1,NA,"EGFR ampl CN=16"
"amp.229","PD36006a","AKT2","19",39053282,40833077,"amp",NA,NA,19,2,NA,"AKT2 ampl CN=19"
"amp.230","PD36007a","MYC","8",128488711,128777719,"amp",NA,NA,9,0,NA,"MYC ampl CN=9"
"amp.231","PD36013a","AKT1","14",103279088,106040125,"amp",NA,NA,8,0,NA,"AKT1 ampl CN=8"
"amp.232","PD36013a","MYC","8",128624225,146303788,"amp",NA,NA,7,1,NA,"MYC ampl CN=7"
"amp.233","PD36013a","TERC","3",162627438,171024522,"amp",NA,NA,8,0,NA,"TERC ampl CN=8"
"amp.234","PD36015a","CCNE1","19",30002182,30428923,"amp",NA,NA,9,1,NA,"CCNE1 ampl CN=9"
"amp.235","PD36017a","AKT3","1",239762105,249239902,"amp",NA,NA,8,4,NA,"AKT3 ampl CN=8"
"amp.236","PD36017a","MCL1","1",149815323,152631438,"amp",NA,NA,8,4,NA,"MCL1 ampl CN=8"
"amp.237","PD36017a","MYC","8",125566692,131986350,"amp",NA,NA,8,2,NA,"MYC ampl CN=8"
"amp.238","PD36018a","MCL1","1",149710791,150964523,"amp",NA,NA,11,5,NA,"MCL1 ampl CN=11"
"amp.239","PD36020a","CCND1","11",68749203,70821840,"amp",NA,NA,43,2,NA,"CCND1 ampl CN=43"
"amp.240","PD36020a","TERT","5",855842,1409741,"amp",NA,NA,65,0,NA,"TERT ampl CN=65"
"amp.241","PD36021a","KRAS","12",25353034,25483936,"amp",NA,NA,6,1,NA,"KRAS ampl CN=6"
"amp.242","PD36022a","MYC","8",127982050,128975031,"amp",NA,NA,7,1,NA,"MYC ampl CN=7"
"amp.243","PD36024a","ESR1","6",151700893,152175106,"amp",NA,NA,11,2,NA,"ESR1 ampl CN=11"
"amp.244","PD36024a","MYC","8",122016635,129598672,"amp",NA,NA,11,3,NA,"MYC ampl CN=11"
"amp.245","PD36026a","AKT2","19",40720079,40914718,"amp",NA,NA,23,2,NA,"AKT2 ampl CN=23"
"amp.246","PD36033a","ESR1","6",152426763,152456952,"amp",NA,NA,9,1,NA,"ESR1 ampl CN=9"
"amp.247","PD36033a","MYC","8",128022941,128842616,"amp",NA,NA,9,1,NA,"MYC ampl CN=9"
"amp.248","PD36034a","MYCN","2",14125577,17542285,"amp",NA,NA,5,1,NA,"MYCN ampl CN=5"
"amp.249","PD36037a","AKT3","1",234720828,248427291,"amp",NA,NA,5,2,NA,"AKT3 ampl CN=5"
"amp.250","PD36038a","TERC","3",166482963,170785174,"amp",NA,NA,8,2,NA,"TERC ampl CN=8"
"amp.251","PD36039a","CCND1","11",69243114,70209142,"amp",NA,NA,7,1,NA,"CCND1 ampl CN=7"
"amp.252","PD36039a","PDGFRA","4",53030792,63832677,"amp",NA,NA,7,0,NA,"PDGFRA ampl CN=7"
"amp.253","PD36040a","MYC","8",128068729,128773207,"amp",NA,NA,8,2,NA,"MYC ampl CN=8"
"amp.254","PD36041a","MYC","8",128648263,128798394,"amp",NA,NA,7,1,NA,"MYC ampl CN=7"
"amp.255","PD36043a","AKT1","14",105063203,105320712,"amp",NA,NA,9,2,NA,"AKT1 ampl CN=9"
"amp.256","PD36043a","MCL1","1",150048871,150707992,"amp",NA,NA,9,1,NA,"MCL1 ampl CN=9"
"amp.257","PD36044a","CCNE1","19",29115302,30594038,"amp",NA,NA,9,4,NA,"CCNE1 ampl CN=9"
"amp.258","PD36046a","MCL1","1",150373077,152458435,"amp",NA,NA,9,4,NA,"MCL1 ampl CN=9"
"amp.259","PD36048a","TERT","5",11882,1603729,"amp",NA,NA,7,1,NA,"TERT ampl CN=7"
"amp.260","PD36049a","TERT","5",11882,28080347,"amp",NA,NA,9,4,NA,"TERT ampl CN=9"
"amp.261","PD36053a","AKT2","19",40097690,40819451,"amp",NA,NA,7,2,NA,"AKT2 ampl CN=7"
"amp.262","PD36053a","MCL1","1",143711265,153624791,"amp",NA,NA,6,1,NA,"MCL1 ampl CN=6"
"amp.263","PD36053a","MYC","8",128623127,128781104,"amp",NA,NA,9,2,NA,"MYC ampl CN=9"
"amp.264","PD36054a","KRAS","12",25125130,25478452,"amp",NA,NA,14,4,NA,"KRAS ampl CN=14"
"amp.265","PD36054a","MCL1","1",149698196,186661379,"amp",NA,NA,9,2,NA,"MCL1 ampl CN=9"
"amp.266","PD36055a","CCNE1","19",30082489,30856750,"amp",NA,NA,29,1,NA,"CCNE1 ampl CN=29"
"amp.267","PD36055a","EGFR","7",55013030,55101285,"amp",NA,NA,501,2,NA,"EGFR ampl CN=501"
"amp.268","PD36055a","EGFR","7",55103199,55598298,"amp",NA,NA,389,2,NA,"EGFR ampl CN=389"
"amp.269","PD36056a","KRAS","12",24304887,25743315,"amp",NA,NA,39,0,NA,"KRAS ampl CN=39"
"amp.270","PD36057a","MCL1","1",149710791,162231482,"amp",NA,NA,9,4,NA,"MCL1 ampl CN=9"
"amp.271","PD36058a","ERLIN2","8",37179494,39232739,"amp",NA,NA,5,1,NA,"ERLIN2 ampl CN=5"
"amp.272","PD36058a","MCL1","1",150143153,151337788,"amp",NA,NA,6,1,NA,"MCL1 ampl CN=6"
"amp.273","PD36058a","WHSC1L1","8",37179494,39232739,"amp",NA,NA,5,1,NA,"WHSC1L1 ampl CN=5"
"amp.274","PD36060a","MYC","8",96599365,142693560,"amp",NA,NA,6,2,NA,"MYC ampl CN=6"
"amp.275","PD36063a","ERLIN2","8",35778405,38323765,"amp",NA,NA,17,1,NA,"ERLIN2 ampl CN=17"
"amp.276","PD36063a","MYC","8",103705765,146303788,"amp",NA,NA,8,0,NA,"MYC ampl CN=8"
"amp.277","PD36063a","WHSC1L1","8",35778405,38323765,"amp",NA,NA,17,1,NA,"WHSC1L1 ampl CN=17"
"amp.278","PD36065a","CCNE1","19",30290811,30671552,"amp",NA,NA,11,1,NA,"CCNE1 ampl CN=11"
"amp.279","PD36065a","ERBB2","17",37813856,37949791,"amp",NA,NA,13,0,NA,"ERBB2 ampl CN=13"
"amp.280","PD36065a","NOTCH3","19",15030042,16072942,"amp",NA,NA,8,2,NA,"NOTCH3 ampl CN=8"
"amp.281","PD36066a","AKT2","19",37210529,41033984,"amp",NA,NA,14,3,NA,"AKT2 ampl CN=14"
"amp.282","PD36066a","AKT3","1",243240807,248628481,"amp",NA,NA,8,4,NA,"AKT3 ampl CN=8"
"amp.283","PD36066a","CCNE1","19",29419850,30945072,"amp",NA,NA,8,4,NA,"CCNE1 ampl CN=8"
"amp.284","PD36067a","MCL1","1",149711815,161944753,"amp",NA,NA,9,1,NA,"MCL1 ampl CN=9"
"amp.285","PD36067a","MYC","8",124710110,128764143,"amp",NA,NA,10,2,NA,"MYC ampl CN=10"
"amp.286","PD36068a","CCNE1","19",29621430,30628194,"amp",NA,NA,22,2,NA,"CCNE1 ampl CN=22"
"loss.1","PD31029a","BAGE3","7",151816947,153014417,"loss",NA,NA,0,0,NA,"BAGE3 loss"
"loss.2","PD31029a","BMPR1A","10",88504001,90384000,"loss",NA,NA,0,0,NA,"BMPR1A loss"
"loss.3","PD31029a","PTEN","10",88504001,90384000,"loss",NA,NA,0,0,NA,"PTEN loss"
"loss.4","PD31029a","RB1","13",48753318,49026852,"loss",NA,NA,0,0,NA,"RB1 loss"
"loss.5","PD31041a","BAGE3","7",152121130,152159506,"loss",NA,NA,0,0,NA,"BAGE3 loss"
"loss.6","PD31044a","CDKN2A","9",21817754,22204445,"loss",NA,NA,0,0,NA,"CDKN2A loss"
"loss.7","PD31044a","CDKN2B","9",21817754,22204445,"loss",NA,NA,0,0,NA,"CDKN2B loss"
"loss.8","PD31053a","RB1","13",48900453,49176512,"loss",NA,NA,0,0,NA,"RB1 loss"
"loss.9","PD31061a","FANCA","16",89687377,90292766,"loss",NA,NA,0,0,NA,"FANCA loss"
"loss.10","PD31066a","BAGE3","7",151826268,155984255,"loss",NA,NA,0,0,NA,"BAGE3 loss"
"loss.11","PD31066a","CDKN2A","9",21149963,25471466,"loss",NA,NA,0,0,NA,"CDKN2A loss"
"loss.12","PD31066a","CDKN2B","9",21149963,25471466,"loss",NA,NA,0,0,NA,"CDKN2B loss"
"loss.13","PD31072a","KDM6A","X",44298045,44751831,"loss",NA,NA,0,0,NA,"KDM6A loss"
"loss.14","PD31072a","RB1","13",48758205,48917673,"loss",NA,NA,0,0,NA,"RB1 loss"
"loss.15","PD31080a","RB1","13",49011580,49097887,"loss",NA,NA,0,0,NA,"RB1 loss"
"loss.16","PD31081a","RB1","13",48676366,49160467,"loss",NA,NA,0,0,NA,"RB1 loss"
"loss.17","PD31082a","STK11","19",1183851,1209714,"loss",NA,NA,0,0,NA,"STK11 loss"
"loss.18","PD31087a","BMPR1A","10",88532176,91032546,"loss",NA,NA,0,0,NA,"BMPR1A loss"
"loss.19","PD31087a","PTEN","10",88532176,91032546,"loss",NA,NA,0,0,NA,"PTEN loss"
"loss.20","PD31089a","CREBBP","16",3912314,3940045,"loss",NA,NA,0,0,NA,"CREBBP loss"
"loss.21","PD31106a","PTEN","10",89699209,90975117,"loss",NA,NA,0,0,NA,"PTEN loss"
"loss.22","PD31112a","CDKN2A","9",20502695,29867135,"loss",NA,NA,0,0,NA,"CDKN2A loss"
"loss.23","PD31112a","CDKN2B","9",20502695,29867135,"loss",NA,NA,0,0,NA,"CDKN2B loss"
"loss.24","PD31121a","PTEN","10",89131750,89862951,"loss",NA,NA,0,0,NA,"PTEN loss"
"loss.25","PD31122a","RB1","13",48948569,49079503,"loss",NA,NA,0,0,NA,"RB1 loss"
"loss.26","PD31125a","MAP2K4","17",11036891,12225242,"loss",NA,NA,0,0,NA,"MAP2K4 loss"
"loss.27","PD31130a","BRCA1","17",41224833,41373899,"loss",NA,NA,0,0,NA,"BRCA1 loss"
"loss.28","PD31134a","RB1","13",48906243,48973097,"loss",NA,NA,0,0,NA,"RB1 loss"
"loss.29","PD31137a","PTEN","10",89090949,91176238,"loss",NA,NA,0,0,NA,"PTEN loss"
"loss.30","PD31140a","PBRM1","3",52578343,52674300,"loss",NA,NA,0,0,NA,"PBRM1 loss"
"loss.31","PD31147a","CDKN2A","9",21971989,23491664,"loss",NA,NA,0,0,NA,"CDKN2A loss"
"loss.32","PD31147a","CDKN2B","9",21971989,23491664,"loss",NA,NA,0,0,NA,"CDKN2B loss"
"loss.33","PD31150a","BAGE3","7",152050062,152149272,"loss",NA,NA,0,0,NA,"BAGE3 loss"
"loss.34","PD31152a","CDKN2A","9",21966221,22003223,"loss",NA,NA,0,0,NA,"CDKN2A loss"
"loss.35","PD31152a","CDKN2B","9",21966221,22003223,"loss",NA,NA,0,0,NA,"CDKN2B loss"
"loss.36","PD31164a","PTEN","10",89479014,89955648,"loss",NA,NA,0,0,NA,"PTEN loss"
"loss.37","PD31167a","PTEN","10",89578275,89719137,"loss",NA,NA,0,0,NA,"PTEN loss"
"loss.38","PD31171a","PTEN","10",89059541,91120287,"loss",NA,NA,0,0,NA,"PTEN loss"
"loss.39","PD31173a","NF2","22",30018200,30044669,"loss",NA,NA,0,0,NA,"NF2 loss"
"loss.40","PD31176a","CDKN2A","9",19461975,23854377,"loss",NA,NA,0,0,NA,"CDKN2A loss"
"loss.41","PD31176a","CDKN2B","9",19461975,23854377,"loss",NA,NA,0,0,NA,"CDKN2B loss"
"loss.42","PD35928a","RB1","13",48929340,49776080,"loss",NA,NA,0,0,NA,"RB1 loss"
"loss.43","PD35929a","FBXW7","4",152755926,154750786,"loss",NA,NA,0,0,NA,"FBXW7 loss"
"loss.44","PD35930a","PTEN","10",89505873,90443019,"loss",NA,NA,0,0,NA,"PTEN loss"
"loss.45","PD35930a","RB1","13",48758205,51173240,"loss",NA,NA,0,0,NA,"RB1 loss"
"loss.46","PD35945a","RB1","13",48941238,49093583,"loss",NA,NA,0,0,NA,"RB1 loss"
"loss.47","PD35955a","CDKN2A","9",21898997,23253668,"loss",NA,NA,0,0,NA,"CDKN2A loss"
"loss.48","PD35955a","CDKN2B","9",21898997,23253668,"loss",NA,NA,0,0,NA,"CDKN2B loss"
"loss.49","PD35960a","RB1","13",48971936,49038459,"loss",NA,NA,0,0,NA,"RB1 loss"
"loss.50","PD35965a","CREBBP","16",3116170,3931005,"loss",NA,NA,0,0,NA,"CREBBP loss"
"loss.51","PD35972a","BMPR1A","10",88603145,92253411,"loss",NA,NA,0,0,NA,"BMPR1A loss"
"loss.52","PD35972a","PTEN","10",88603145,92253411,"loss",NA,NA,0,0,NA,"PTEN loss"
"loss.53","PD35975a","RB1","13",48878292,48946712,"loss",NA,NA,0,0,NA,"RB1 loss"
"loss.54","PD35976a","CDKN2A","9",21827406,21978085,"loss",NA,NA,0,0,NA,"CDKN2A loss"
"loss.55","PD35978a","MAP3K1","5",55077964,57215428,"loss",NA,NA,0,0,NA,"MAP3K1 loss"
"loss.56","PD35984a","PTEN","10",88939962,90840294,"loss",NA,NA,0,0,NA,"PTEN loss"
"loss.57","PD35984a","RB1","13",48900453,49414712,"loss",NA,NA,0,0,NA,"RB1 loss"
"loss.58","PD35988a","RB1","13",48872294,48948569,"loss",NA,NA,0,0,NA,"RB1 loss"
"loss.59","PD35999a","FANCA","16",89639226,89905848,"loss",NA,NA,0,0,NA,"FANCA loss"
"loss.60","PD36003a","MAP3K1","5",55485180,59113576,"loss",NA,NA,0,0,NA,"MAP3K1 loss"
"loss.61","PD36003a","PIK3R1","5",66874886,67717844,"loss",NA,NA,0,0,NA,"PIK3R1 loss"
"loss.62","PD36006a","RB1","13",48873685,48960205,"loss",NA,NA,0,0,NA,"RB1 loss"
"loss.63","PD36008a","PTEN","10",89416287,89972766,"loss",NA,NA,0,0,NA,"PTEN loss"
"loss.64","PD36011a","KDM6A","X",44718698,44952973,"loss",NA,NA,0,0,NA,"KDM6A loss"
"loss.65","PD36011a","NF1","17",29604862,30173581,"loss",NA,NA,0,0,NA,"NF1 loss"
"loss.66","PD36014a","BMPR1A","10",88349990,92324952,"loss",NA,NA,0,0,NA,"BMPR1A loss"
"loss.67","PD36014a","PTEN","10",88349990,92324952,"loss",NA,NA,0,0,NA,"PTEN loss"
"loss.68","PD36017a","PTEN","10",89548338,89719137,"loss",NA,NA,0,0,NA,"PTEN loss"
"loss.69","PD36019a","CDKN2A","9",20999198,22482427,"loss",NA,NA,0,0,NA,"CDKN2A loss"
"loss.70","PD36019a","CDKN2B","9",20999198,22482427,"loss",NA,NA,0,0,NA,"CDKN2B loss"
"loss.71","PD36021a","PTEN","10",89515046,89719137,"loss",NA,NA,0,0,NA,"PTEN loss"
"loss.72","PD36022a","RB1","13",48910227,49275325,"loss",NA,NA,0,0,NA,"RB1 loss"
"loss.73","PD36027a","RB1","13",48908802,49279734,"loss",NA,NA,0,0,NA,"RB1 loss"
"loss.74","PD36029a","CDKN2A","9",21170364,22538333,"loss",NA,NA,0,0,NA,"CDKN2A loss"
"loss.75","PD36029a","CDKN2B","9",21170364,22538333,"loss",NA,NA,0,0,NA,"CDKN2B loss"
"loss.76","PD36029a","CDKN2C","1",49917084,51923614,"loss",NA,NA,0,0,NA,"CDKN2C loss"
"loss.77","PD36031a","PTEN","10",89588888,90352539,"loss",NA,NA,0,0,NA,"PTEN loss"
"loss.78","PD36040a","NF1","17",29442878,29617957,"loss",NA,NA,0,0,NA,"NF1 loss"
"loss.79","PD36041a","PTEN","10",89503722,89736787,"loss",NA,NA,0,0,NA,"PTEN loss"
"loss.80","PD36043a","CDKN2B","9",22005330,22158598,"loss",NA,NA,0,0,NA,"CDKN2B loss"
"loss.81","PD36056a","CDKN2A","9",21955460,22786315,"loss",NA,NA,0,0,NA,"CDKN2A loss"
"loss.82","PD36056a","CDKN2B","9",21955460,22786315,"loss",NA,NA,0,0,NA,"CDKN2B loss"
"loss.83","PD36057a","PTEN","10",88783307,90884013,"loss",NA,NA,0,0,NA,"PTEN loss"
"loss.84","PD36058a","CDKN2A","9",20889934,30321900,"loss",NA,NA,0,0,NA,"CDKN2A loss"
"loss.85","PD36058a","CDKN2B","9",20889934,30321900,"loss",NA,NA,0,0,NA,"CDKN2B loss"
"loss.86","PD36069a","CBLB","3",105221860,107982546,"loss",NA,NA,0,0,NA,"CBLB loss"
"loss.87","PD36073a","CDKN2A","9",21375182,22256111,"loss",NA,NA,0,0,NA,"CDKN2A loss"
"loss.88","PD36073a","CDKN2B","9",21375182,22256111,"loss",NA,NA,0,0,NA,"CDKN2B loss"
"subsIndelsHC.1","PD31040a","ACVR2A","2",148683685,148683685,"Del","frameshift","c.1303delA",NA,NA,"high","ACVR2A Del frameshift c.1303delA"
"subsIndelsHC.2","PD31088a","AKT1","14",105246551,105246551,"Sub","missense","c.49G>A",NA,NA,"high","AKT1 Sub missense c.49G>A"
"subsIndelsHC.3","PD35951a","AKT1","14",105246551,105246551,"Sub","missense","c.49G>A",NA,NA,"high","AKT1 Sub missense c.49G>A"
"subsIndelsHC.4","PD31133a","AKT1","14",105246551,105246551,"Sub","missense","c.49G>A",NA,NA,"high","AKT1 Sub missense c.49G>A"
"subsIndelsHC.5","PD31032a","AKT1","14",105246551,105246551,"Sub","missense","c.49G>A",NA,NA,"high","AKT1 Sub missense c.49G>A"
"subsIndelsHC.6","PD36043a","AKT1","14",105246551,105246551,"Sub","missense","c.49G>A",NA,NA,"high","AKT1 Sub missense c.49G>A"
"subsIndelsHC.7","PD31031a","AKT1","14",105246551,105246551,"Sub","missense","c.49G>A",NA,NA,"high","AKT1 Sub missense c.49G>A"
"subsIndelsHC.8","PD31033a","AKT1","14",105246551,105246551,"Sub","missense","c.49G>A",NA,NA,"high","AKT1 Sub missense c.49G>A"
"subsIndelsHC.9","PD31090a","APC","5",112174086,112174086,"Sub","nonsense","c.2795C>G",NA,NA,"high","APC Sub nonsense c.2795C>G"
"subsIndelsHC.10","PD31163a","APC","5",112176221,112176221,"Del","frameshift","c.4931_8532del3602",NA,NA,"high","APC Del frameshift c.4931_8532del3602"
"subsIndelsHC.11","PD36047a","ARID1A","1",27023715,27023715,"Del","frameshift","c.822delG",NA,NA,"high","ARID1A Del frameshift c.822delG"
"subsIndelsHC.12","PD36069a","ARID1A","1",27087503,27087503,"Sub","nonsense","c.2077C>T",NA,NA,"high","ARID1A Sub nonsense c.2077C>T"
"subsIndelsHC.13","PD31176a","ARID1A","1",27089478,27089478,"Sub","nonsense","c.2434C>T",NA,NA,"high","ARID1A Sub nonsense c.2434C>T"
"subsIndelsHC.14","PD31155a","ARID1B","6",157511262,157511262,"Sub","nonsense","c.3780C>G",NA,NA,"high","ARID1B Sub nonsense c.3780C>G"
"subsIndelsHC.15","PD36063a","ATM","11",108117799,108117799,"Sub","missense","c.1010G>A",NA,NA,"high","ATM Sub missense c.1010G>A"
"subsIndelsHC.16","PD36057a","ATP2B3","X",152801839,152801839,"Sub","missense","c.134C>T",NA,NA,"high","ATP2B3 Sub missense c.134C>T"
"subsIndelsHC.17","PD31040a","ATRX","X",76939673,76939673,"Del","frameshift","c.1074delA",NA,NA,"high","ATRX Del frameshift c.1074delA"
"subsIndelsHC.18","PD31040a","AXIN2","17",63532584,63532584,"Ins","frameshift","c.1994_1995insG",NA,NA,"high","AXIN2 Ins frameshift c.1994_1995insG"
"subsIndelsHC.19","PD31144a","B2M","15",45003780,45003780,"Del","frameshift","c.37_38delCT",NA,NA,"high","B2M Del frameshift c.37_38delCT"
"subsIndelsHC.20","PD31120a","BAP1","3",52439852,52439852,"Sub","nonsense","c.860C>G",NA,NA,"high","BAP1 Sub nonsense c.860C>G"
"subsIndelsHC.21","PD31135a","BRCA1","17",41246531,41246531,"Ins","frameshift","c.1016_1017insA",NA,NA,"high","BRCA1 Ins frameshift c.1016_1017insA"
"subsIndelsHC.22","PD31068a","BRCA1","17",41226515,41226515,"Sub","nonsense","c.4571C>G",NA,NA,"high","BRCA1 Sub nonsense c.4571C>G"
"subsIndelsHC.23","PD31051a","BRCA1","17",41222997,41222997,"Ins","frameshift","c.4996_4997insA",NA,NA,"high","BRCA1 Ins frameshift c.4996_4997insA"
"subsIndelsHC.24","PD35955a","BRCA1","17",41201191,41201191,"Sub","nonsense","c.5416C>T",NA,NA,"high","BRCA1 Sub nonsense c.5416C>T"
"subsIndelsHC.25","PD36025a","BRCA1","17",41246394,41246394,"Sub","nonsense","c.1154G>A",NA,NA,"high","BRCA1 Sub nonsense c.1154G>A"
"subsIndelsHC.26","PD31040a","BRCA2","13",32954022,32954022,"Del","frameshift","c.9090delA",NA,NA,"high","BRCA2 Del frameshift c.9090delA"
"subsIndelsHC.27","PD31167a","BRCA2","13",32937319,32937319,"Sub","nonsense","c.7980T>G",NA,NA,"high","BRCA2 Sub nonsense c.7980T>G"
"subsIndelsHC.28","PD35939a","BRCA2","13",32914800,32914800,"Sub","nonsense","c.6308C>G",NA,NA,"high","BRCA2 Sub nonsense c.6308C>G"
"subsIndelsHC.29","PD35968a","BRCA2","13",32913079,32913079,"Ins","frameshift","c.4587_4588insA",NA,NA,"high","BRCA2 Ins frameshift c.4587_4588insA"
"subsIndelsHC.30","PD36039a","BRCA2","13",32911591,32911591,"Del","frameshift","c.3100_3160del61",NA,NA,"high","BRCA2 Del frameshift c.3100_3160del61"
"subsIndelsHC.31","PD31151a","BRCA2","13",32945216,32945216,"Sub","nonsense","c.8611G>T",NA,NA,"high","BRCA2 Sub nonsense c.8611G>T"
"subsIndelsHC.32","PD36068a","CASP8","2",202141587,202141587,"Sub","missense","c.875G>A",NA,NA,"high","CASP8 Sub missense c.875G>A"
"subsIndelsHC.33","PD31122a","CASP8","2",202131312,202131312,"Sub","nonsense","c.280C>T",NA,NA,"high","CASP8 Sub nonsense c.280C>T"
"subsIndelsHC.34","PD31088a","CBFB","16",67100613,67100613,"Sub","missense","c.311A>G",NA,NA,"high","CBFB Sub missense c.311A>G"
"subsIndelsHC.35","PD36052a","CDKN2A","9",21974695,21974695,"Sub","nonsense","c.132C>G",NA,NA,"high","CDKN2A Sub nonsense c.132C>G"
"subsIndelsHC.36","PD35926a","CDKN2A","9",21970977,21970977,"Del","frameshift","c.341_380del40",NA,NA,"high","CDKN2A Del frameshift c.341_380del40"
"subsIndelsHC.37","PD31040a","CDKN2A","9",21974775,21974775,"Sub","missense","c.52A>G",NA,NA,"high","CDKN2A Sub missense c.52A>G"
"subsIndelsHC.38","PD31059a","CDKN2A","9",21971111,21971111,"Sub","missense","c.247C>T",NA,NA,"high","CDKN2A Sub missense c.247C>T"
"subsIndelsHC.39","PD31040a","CDKN2A","9",21974769,21974769,"Del","inframe","c.52_57delACGGCC",NA,NA,"high","CDKN2A Del inframe c.52_57delACGGCC"
"subsIndelsHC.40","PD31145a","CEP76","18",12697282,12697282,"Sub","nonsense","c.646C>T",NA,NA,"high","CEP76 Sub nonsense c.646C>T"
"subsIndelsHC.41","PD36005a","CEP76","18",12686401,12686401,"Sub","nonsense","c.982C>T",NA,NA,"high","CEP76 Sub nonsense c.982C>T"
"subsIndelsHC.42","PD31122a","CHD4","12",6711144,6711144,"Del","inframe","c.417_419delGGA",NA,NA,"high","CHD4 Del inframe c.417_419delGGA"
"subsIndelsHC.43","PD35999a","EGFR","7",55242430,55242430,"Sub","missense","c.2200G>A",NA,NA,"high","EGFR Sub missense c.2200G>A"
"subsIndelsHC.44","PD36009a","ERBB2","17",37868208,37868208,"Sub","missense","c.929C>A",NA,NA,"high","ERBB2 Sub missense c.929C>A"
"subsIndelsHC.45","PD31098a","ERBB2","17",37868208,37868208,"Sub","missense","c.929C>A",NA,NA,"high","ERBB2 Sub missense c.929C>A"
"subsIndelsHC.46","PD31174a","ERBB2","17",37880220,37880220,"Sub","missense","c.2264T>C",NA,NA,"high","ERBB2 Sub missense c.2264T>C"
"subsIndelsHC.47","PD35986a","ERCC3","2",128016951,128016951,"Sub","nonsense","c.2138T>A",NA,NA,"high","ERCC3 Sub nonsense c.2138T>A"
"subsIndelsHC.48","PD35986a","ERCC4","16",14041757,14041757,"Del","frameshift","c.2305_2315delCTCACTTCCCG",NA,NA,"high","ERCC4 Del frameshift c.2305_2315delCTCACTTCCCG"
"subsIndelsHC.49","PD36024a","EXT1","8",119122781,119122781,"Sub","nonsense","c.505C>T",NA,NA,"high","EXT1 Sub nonsense c.505C>T"
"subsIndelsHC.50","PD31033a","EXT2","11",44254040,44254040,"Sub","nonsense","c.1899T>A",NA,NA,"high","EXT2 Sub nonsense c.1899T>A"
"subsIndelsHC.51","PD36044a","FBXW7","4",153332817,153332817,"Sub","nonsense","c.139C>T",NA,NA,"high","FBXW7 Sub nonsense c.139C>T"
"subsIndelsHC.52","PD36013a","FBXW7","4",153259029,153259029,"Del","frameshift","c.778_785delTGTGAACC",NA,NA,"high","FBXW7 Del frameshift c.778_785delTGTGAACC"
"subsIndelsHC.53","PD35975a","FBXW7","4",153253775,153253775,"Del","frameshift","c.957delT",NA,NA,"high","FBXW7 Del frameshift c.957delT"
"subsIndelsHC.54","PD36052a","FBXW7","4",153249492,153249492,"Del","frameshift","c.1285delA",NA,NA,"high","FBXW7 Del frameshift c.1285delA"
"subsIndelsHC.55","PD35965a","FBXW7","4",153249399,153249399,"Sub","missense","c.1379A>G",NA,NA,"high","FBXW7 Sub missense c.1379A>G"
"subsIndelsHC.56","PD36043a","FGFR4","5",176522416,176522416,"Sub","missense","c.1605C>A",NA,NA,"high","FGFR4 Sub missense c.1605C>A"
"subsIndelsHC.57","PD31104a","FLT4","5",180048821,180048821,"Sub","missense","c.1741G>A",NA,NA,"high","FLT4 Sub missense c.1741G>A"
"subsIndelsHC.58","PD35991a","GRIN2A","16",9857193,9857193,"Sub","missense","c.4208C>T",NA,NA,"high","GRIN2A Sub missense c.4208C>T"
"subsIndelsHC.59","PD31165a","HRAS","11",534288,534288,"Sub","missense","c.35G>T",NA,NA,"high","HRAS Sub missense c.35G>T"
"subsIndelsHC.60","PD36019a","HRAS","11",533875,533875,"Sub","missense","c.181C>A",NA,NA,"high","HRAS Sub missense c.181C>A"
"subsIndelsHC.61","PD31032a","KDM6A","X",44950066,44950066,"Sub","nonsense","c.3835C>T",NA,NA,"high","KDM6A Sub nonsense c.3835C>T"
"subsIndelsHC.62","PD31051a","KDM6A","X",44923051,44923051,"Del","frameshift","c.1913_1917delACTCC",NA,NA,"high","KDM6A Del frameshift c.1913_1917delACTCC"
"subsIndelsHC.63","PD36019a","KMT2C","7",152008964,152008964,"Sub","nonsense","c.658C>T",NA,NA,"high","KMT2C Sub nonsense c.658C>T"
"subsIndelsHC.64","PD31177a","KMT2C","7",151860143,151860143,"Sub","nonsense","c.10519C>T",NA,NA,"high","KMT2C Sub nonsense c.10519C>T"
"subsIndelsHC.65","PD36037a","KMT2C","7",151859782,151859782,"Sub","nonsense","c.10880C>G",NA,NA,"high","KMT2C Sub nonsense c.10880C>G"
"subsIndelsHC.66","PD36009a","KMT2C","7",151945542,151945542,"Del","frameshift","c.1976delA",NA,NA,"high","KMT2C Del frameshift c.1976delA"
"subsIndelsHC.67","PD31177a","KMT2C","7",151849831,151849831,"Del","frameshift","c.12484delC",NA,NA,"high","KMT2C Del frameshift c.12484delC"
"subsIndelsHC.68","PD31040a","KMT2D","12",49418670,49418670,"Sub","nonsense","c.15844C>T",NA,NA,"high","KMT2D Sub nonsense c.15844C>T"
"subsIndelsHC.69","PD35976a","KRAS","12",25380275,25380275,"Sub","missense","c.183A>T",NA,NA,"high","KRAS Sub missense c.183A>T"
"subsIndelsHC.70","PD35943a","KRAS","12",25398284,25398284,"Sub","missense","c.35G>T",NA,NA,"high","KRAS Sub missense c.35G>T"
"subsIndelsHC.71","PD31126a","KRAS","12",25398284,25398284,"Sub","missense","c.35G>C",NA,NA,"high","KRAS Sub missense c.35G>C"
"subsIndelsHC.72","PD31040a","LRP1B","2",141457985,141457985,"Ins","frameshift","c.6632_6633insC",NA,NA,"high","LRP1B Ins frameshift c.6632_6633insC"
"subsIndelsHC.73","PD36071a","MAP3K1","5",56178046,56178046,"Sub","nonsense","c.3019C>T",NA,NA,"high","MAP3K1 Sub nonsense c.3019C>T"
"subsIndelsHC.74","PD35967a","MAP3K1","5",56179462,56179462,"Sub","nonsense","c.3775C>T",NA,NA,"high","MAP3K1 Sub nonsense c.3775C>T"
"subsIndelsHC.75","PD31053a","NF1","17",29490362,29490362,"Ins","frameshift","c.447_448insT",NA,NA,"high","NF1 Ins frameshift c.447_448insT"
"subsIndelsHC.76","PD36000a","NF1","17",29684326,29684326,"Del","frameshift","c.7910delG",NA,NA,"high","NF1 Del frameshift c.7910delG"
"subsIndelsHC.77","PD31090a","NF1","17",29661945,29661945,"Sub","nonsense","c.5902C>T",NA,NA,"high","NF1 Sub nonsense c.5902C>T"
"subsIndelsHC.78","PD36043a","NF1","17",29676171,29676171,"Del","frameshift","c.7224_7242del19",NA,NA,"high","NF1 Del frameshift c.7224_7242del19"
"subsIndelsHC.79","PD31157a","NF1","17",29548874,29548874,"Ins","frameshift","c.1648_1649insT",NA,NA,"high","NF1 Ins frameshift c.1648_1649insT"
"subsIndelsHC.80","PD31150a","NF2","22",30054229,30054229,"Sub","nonsense","c.651C>A",NA,NA,"high","NF2 Sub nonsense c.651C>A"
"subsIndelsHC.81","PD36044a","NIN","14",51192747,51192747,"Sub","missense","c.6116G>A",NA,NA,"high","NIN Sub missense c.6116G>A"
"subsIndelsHC.82","PD31042a","PALB2","16",23625361,23625361,"Sub","nonsense","c.3165C>A",NA,NA,"high","PALB2 Sub nonsense c.3165C>A"
"subsIndelsHC.83","PD31157a","PIK3CA","3",178936095,178936095,"Sub","missense","c.1637A>G",NA,NA,"high","PIK3CA Sub missense c.1637A>G"
"subsIndelsHC.84","PD31098a","PIK3CA","3",178936095,178936095,"Sub","missense","c.1637A>G",NA,NA,"high","PIK3CA Sub missense c.1637A>G"
"subsIndelsHC.85","PD31028a","PIK3CA","3",178952085,178952085,"Sub","missense","c.3140A>G",NA,NA,"high","PIK3CA Sub missense c.3140A>G"
"subsIndelsHC.86","PD35943a","PIK3CA","3",178936091,178936091,"Sub","missense","c.1633G>A",NA,NA,"high","PIK3CA Sub missense c.1633G>A"
"subsIndelsHC.87","PD31152a","PIK3CA","3",178936091,178936091,"Sub","missense","c.1633G>A",NA,NA,"high","PIK3CA Sub missense c.1633G>A"
"subsIndelsHC.88","PD31116a","PIK3CA","3",178952085,178952085,"Sub","missense","c.3140A>G",NA,NA,"high","PIK3CA Sub missense c.3140A>G"
"subsIndelsHC.89","PD35933a","PIK3CA","3",178938934,178938934,"Sub","missense","c.2176G>A",NA,NA,"high","PIK3CA Sub missense c.2176G>A"
"subsIndelsHC.90","PD36042a","PIK3CA","3",178936082,178936082,"Sub","missense","c.1624G>C",NA,NA,"high","PIK3CA Sub missense c.1624G>C"
"subsIndelsHC.91","PD36032a","PIK3CA","3",178952085,178952085,"Sub","missense","c.3140A>G",NA,NA,"high","PIK3CA Sub missense c.3140A>G"
"subsIndelsHC.92","PD35991a","PIK3CA","3",178952085,178952085,"Sub","missense","c.3140A>G",NA,NA,"high","PIK3CA Sub missense c.3140A>G"
"subsIndelsHC.93","PD36012a","PIK3CA","3",178952085,178952085,"Sub","missense","c.3140A>G",NA,NA,"high","PIK3CA Sub missense c.3140A>G"
"subsIndelsHC.94","PD31122a","PIK3CA","3",178916836,178916836,"Sub","missense","c.223C>G",NA,NA,"high","PIK3CA Sub missense c.223C>G"
"subsIndelsHC.95","PD35967a","PIK3CA","3",178952085,178952085,"Sub","missense","c.3140A>G",NA,NA,"high","PIK3CA Sub missense c.3140A>G"
"subsIndelsHC.96","PD35927a","PIK3CA","3",178952085,178952085,"Sub","missense","c.3140A>G",NA,NA,"high","PIK3CA Sub missense c.3140A>G"
"subsIndelsHC.97","PD36069a","PIK3CA","3",178952085,178952085,"Sub","missense","c.3140A>G",NA,NA,"high","PIK3CA Sub missense c.3140A>G"
"subsIndelsHC.98","PD35948a","PIK3CA","3",178952085,178952085,"Sub","missense","c.3140A>G",NA,NA,"high","PIK3CA Sub missense c.3140A>G"
"subsIndelsHC.99","PD35977a","PIK3CA","3",178952085,178952085,"Sub","missense","c.3140A>G",NA,NA,"high","PIK3CA Sub missense c.3140A>G"
"subsIndelsHC.100","PD31148a","PIK3CA","3",178952085,178952085,"Sub","missense","c.3140A>T",NA,NA,"high","PIK3CA Sub missense c.3140A>T"
"subsIndelsHC.101","PD35997a","PIK3CA","3",178952085,178952085,"Sub","missense","c.3140A>G",NA,NA,"high","PIK3CA Sub missense c.3140A>G"
"subsIndelsHC.102","PD36005a","PIK3CA","3",178952085,178952085,"Sub","missense","c.3140A>T",NA,NA,"high","PIK3CA Sub missense c.3140A>T"
"subsIndelsHC.103","PD36056a","PIK3CA","3",178936082,178936082,"Sub","missense","c.1624G>A",NA,NA,"high","PIK3CA Sub missense c.1624G>A"
"subsIndelsHC.104","PD35961a","PIK3CA","3",178936091,178936091,"Sub","missense","c.1633G>A",NA,NA,"high","PIK3CA Sub missense c.1633G>A"
"subsIndelsHC.105","PD31181a","PIK3CA","3",178952085,178952085,"Sub","missense","c.3140A>T",NA,NA,"high","PIK3CA Sub missense c.3140A>T"
"subsIndelsHC.106","PD35937a","PIK3CA","3",178952085,178952085,"Sub","missense","c.3140A>G",NA,NA,"high","PIK3CA Sub missense c.3140A>G"
"subsIndelsHC.107","PD31156a","PIK3CA","3",178952085,178952085,"Sub","missense","c.3140A>T",NA,NA,"high","PIK3CA Sub missense c.3140A>T"
"subsIndelsHC.108","PD36040a","PIK3CA","3",178952085,178952085,"Sub","missense","c.3140A>G",NA,NA,"high","PIK3CA Sub missense c.3140A>G"
"subsIndelsHC.109","PD36009a","PIK3R1","5",67591131,67591131,"Del","inframe","c.1725_1727delGAC",NA,NA,"high","PIK3R1 Del inframe c.1725_1727delGAC"
"subsIndelsHC.110","PD36019a","PIK3R1","5",67591097,67591097,"Sub","missense","c.1690A>G",NA,NA,"high","PIK3R1 Sub missense c.1690A>G"
"subsIndelsHC.111","PD31144a","PSIP1","9",15474029,15474029,"Del","inframe","c.833_835delAAG",NA,NA,"high","PSIP1 Del inframe c.833_835delAAG"
"subsIndelsHC.112","PD31103a","PTEN","10",89692892,89692892,"Sub","missense","c.376G>A",NA,NA,"high","PTEN Sub missense c.376G>A"
"subsIndelsHC.113","PD31105a","PTEN","10",89717634,89717634,"Del","frameshift","c.660_669delAAAGGTGAAG",NA,NA,"high","PTEN Del frameshift c.660_669delAAAGGTGAAG"
"subsIndelsHC.114","PD35961a","PTEN","10",89692883,89692883,"Ins","frameshift","c.367_368insACTG",NA,NA,"high","PTEN Ins frameshift c.367_368insACTG"
"subsIndelsHC.115","PD31158a","PTEN","10",89720736,89720736,"Del","frameshift","c.888_916del29",NA,NA,"high","PTEN Del frameshift c.888_916del29"
"subsIndelsHC.116","PD36047a","PTEN","10",89711899,89711899,"Sub","missense","c.517C>T",NA,NA,"high","PTEN Sub missense c.517C>T"
"subsIndelsHC.117","PD31081a","PTEN","10",89717650,89717650,"Sub","nonsense","c.675T>G",NA,NA,"high","PTEN Sub nonsense c.675T>G"
"subsIndelsHC.118","PD36064a","PTEN","10",89717650,89717650,"Sub","nonsense","c.675T>G",NA,NA,"high","PTEN Sub nonsense c.675T>G"
"subsIndelsHC.119","PD36015a","PTEN","10",89653786,89653786,"Ins","frameshift","c.84_85insA",NA,NA,"high","PTEN Ins frameshift c.84_85insA"
"subsIndelsHC.120","PD35961a","PTEN","10",89692883,89692883,"Sub","missense","c.367C>G",NA,NA,"high","PTEN Sub missense c.367C>G"
"subsIndelsHC.121","PD31047a","PTEN","10",89692930,89692930,"Sub","nonsense","c.414T>G",NA,NA,"high","PTEN Sub nonsense c.414T>G"
"subsIndelsHC.122","PD36002a","PTEN","10",89692850,89692850,"Sub","missense","c.334C>G",NA,NA,"high","PTEN Sub missense c.334C>G"
"subsIndelsHC.123","PD35978a","PTEN","10",89720798,89720798,"Del","frameshift","c.950_953delTACT",NA,NA,"high","PTEN Del frameshift c.950_953delTACT"
"subsIndelsHC.124","PD36063a","PTPN13","4",87653778,87653778,"Sub","nonsense","c.1717A>T",NA,NA,"high","PTPN13 Sub nonsense c.1717A>T"
"subsIndelsHC.125","PD35959a","PTPRC","1",198671613,198671613,"Ins","frameshift","c.537_538insT",NA,NA,"high","PTPRC Ins frameshift c.537_538insT"
"subsIndelsHC.126","PD36047a","RAD21","8",117866654,117866654,"Del","frameshift","c.989_990delAA",NA,NA,"high","RAD21 Del frameshift c.989_990delAA"
"subsIndelsHC.127","PD31092a","RB1","13",48955401,48955401,"Del","frameshift","c.1518_1552del35",NA,NA,"high","RB1 Del frameshift c.1518_1552del35"
"subsIndelsHC.128","PD31181a","RB1","13",49027193,49027193,"Del","frameshift","c.1761_1812del52",NA,NA,"high","RB1 Del frameshift c.1761_1812del52"
"subsIndelsHC.129","PD31107a","RB1","13",48919241,48919241,"Sub","nonsense","c.406A>T",NA,NA,"high","RB1 Sub nonsense c.406A>T"
"subsIndelsHC.130","PD31170a","RB1","13",48939089,48939089,"Del","frameshift","c.922_932delTCTAATGGACT",NA,NA,"high","RB1 Del frameshift c.922_932delTCTAATGGACT"
"subsIndelsHC.131","PD31046a","RB1","13",49039374,49039374,"Sub","nonsense","c.2359C>T",NA,NA,"high","RB1 Sub nonsense c.2359C>T"
"subsIndelsHC.132","PD35998a","RB1","13",49047507,49047507,"Sub","nonsense","c.2501C>G",NA,NA,"high","RB1 Sub nonsense c.2501C>G"
"subsIndelsHC.133","PD36039a","RB1","13",48936995,48936995,"Sub","nonsense","c.763C>T",NA,NA,"high","RB1 Sub nonsense c.763C>T"
"subsIndelsHC.134","PD31140a","RB1","13",48936983,48936983,"Sub","nonsense","c.751C>T",NA,NA,"high","RB1 Sub nonsense c.751C>T"
"subsIndelsHC.135","PD35964a","RB1","13",48881523,48881523,"Sub","nonsense","c.245C>A",NA,NA,"high","RB1 Sub nonsense c.245C>A"
"subsIndelsHC.136","PD31040a","SETD2","3",47165282,47165282,"Ins","frameshift","c.843_844insA",NA,NA,"high","SETD2 Ins frameshift c.843_844insA"
"subsIndelsHC.137","PD31146a","SMARCA4","19",11105605,11105605,"Sub","nonsense","c.1521C>G",NA,NA,"high","SMARCA4 Sub nonsense c.1521C>G"
"subsIndelsHC.138","PD36017a","SPEN","1",16262108,16262108,"Del","frameshift","c.9374_9503del130",NA,NA,"high","SPEN Del frameshift c.9374_9503del130"
"subsIndelsHC.139","PD31166a","STAG2","X",123197716,123197716,"Sub","nonsense","c.1840C>T",NA,NA,"high","STAG2 Sub nonsense c.1840C>T"
"subsIndelsHC.140","PD35995a","STK11","19",1223052,1223052,"Del","frameshift","c.990_996delCCGGTGG",NA,NA,"high","STK11 Del frameshift c.990_996delCCGGTGG"
"subsIndelsHC.141","PD35979a","TP53","17",7577121,7577121,"Sub","missense","c.817C>T",NA,NA,"high","TP53 Sub missense c.817C>T"
"subsIndelsHC.142","PD35930a","TP53","17",7577539,7577539,"Sub","missense","c.742C>T",NA,NA,"high","TP53 Sub missense c.742C>T"
"subsIndelsHC.143","PD36007a","TP53","17",7577566,7577566,"Sub","missense","c.715A>G",NA,NA,"high","TP53 Sub missense c.715A>G"
"subsIndelsHC.144","PD31181a","TP53","17",7579556,7579556,"Del","frameshift","c.130delA",NA,NA,"high","TP53 Del frameshift c.130delA"
"subsIndelsHC.145","PD35995a","TP53","17",7577106,7577106,"Sub","missense","c.832C>T",NA,NA,"high","TP53 Sub missense c.832C>T"
"subsIndelsHC.146","PD31145a","TP53","17",7577566,7577566,"Ins","frameshift","c.714_715insT",NA,NA,"high","TP53 Ins frameshift c.714_715insT"
"subsIndelsHC.147","PD35992a","TP53","17",7577104,7577104,"Del","frameshift","c.833delC",NA,NA,"high","TP53 Del frameshift c.833delC"
"subsIndelsHC.148","PD36068a","TP53","17",7579314,7579314,"Ins","frameshift","c.372_373insCAAGTCTGTGACTTGC",NA,NA,"high","TP53 Ins frameshift c.372_373insCAAGTCTGTGACTTGC"
"subsIndelsHC.149","PD31144a","TP53","17",7578479,7578479,"Sub","missense","c.451C>T",NA,NA,"high","TP53 Sub missense c.451C>T"
"subsIndelsHC.150","PD31178a","TP53","17",7578212,7578212,"Sub","nonsense","c.637C>T",NA,NA,"high","TP53 Sub nonsense c.637C>T"
"subsIndelsHC.151","PD36041a","TP53","17",7577559,7577559,"Sub","missense","c.722C>T",NA,NA,"high","TP53 Sub missense c.722C>T"
"subsIndelsHC.152","PD31061a","TP53","17",7579313,7579313,"Sub","missense","c.374C>G",NA,NA,"high","TP53 Sub missense c.374C>G"
"subsIndelsHC.153","PD36053a","TP53","17",7577539,7577539,"Sub","missense","c.742C>T",NA,NA,"high","TP53 Sub missense c.742C>T"
"subsIndelsHC.154","PD31040a","TP53","17",7579366,7579366,"Sub","nonsense","c.321C>G",NA,NA,"high","TP53 Sub nonsense c.321C>G"
"subsIndelsHC.155","PD36055a","TP53","17",7579366,7579366,"Sub","nonsense","c.321C>A",NA,NA,"high","TP53 Sub nonsense c.321C>A"
"subsIndelsHC.156","PD31072a","TP53","17",7578508,7578508,"Sub","missense","c.422G>C",NA,NA,"high","TP53 Sub missense c.422G>C"
"subsIndelsHC.157","PD36003a","TP53","17",7578528,7578528,"Sub","missense","c.402T>A",NA,NA,"high","TP53 Sub missense c.402T>A"
"subsIndelsHC.158","PD31125a","TP53","17",7578265,7578265,"Sub","missense","c.584T>G",NA,NA,"high","TP53 Sub missense c.584T>G"
"subsIndelsHC.159","PD35991a","TP53","17",7578266,7578266,"Sub","missense","c.583A>T",NA,NA,"high","TP53 Sub missense c.583A>T"
"subsIndelsHC.160","PD31159a","TP53","17",7577121,7577121,"Sub","missense","c.817C>T",NA,NA,"high","TP53 Sub missense c.817C>T"
"subsIndelsHC.161","PD35928a","TP53","17",7574008,7574008,"Ins","frameshift","c.1018_1019insGA",NA,NA,"high","TP53 Ins frameshift c.1018_1019insGA"
"subsIndelsHC.162","PD31137a","TP53","17",7578394,7578394,"Sub","missense","c.536A>G",NA,NA,"high","TP53 Sub missense c.536A>G"
"subsIndelsHC.163","PD36054a","TP53","17",7577570,7577570,"Sub","missense","c.711G>A",NA,NA,"high","TP53 Sub missense c.711G>A"
"subsIndelsHC.164","PD36025a","TP53","17",7579470,7579470,"Del","frameshift","c.216delC",NA,NA,"high","TP53 Del frameshift c.216delC"
"subsIndelsHC.165","PD31177a","TP53","17",7577544,7577544,"Sub","missense","c.737T>A",NA,NA,"high","TP53 Sub missense c.737T>A"
"subsIndelsHC.166","PD35957a","TP53","17",7578204,7578204,"Sub","missense","c.645T>G",NA,NA,"high","TP53 Sub missense c.645T>G"
"subsIndelsHC.167","PD31092a","TP53","17",7579366,7579366,"Sub","nonsense","c.321C>A",NA,NA,"high","TP53 Sub nonsense c.321C>A"
"subsIndelsHC.168","PD31082a","TP53","17",7577529,7577529,"Sub","missense","c.752T>G",NA,NA,"high","TP53 Sub missense c.752T>G"
"subsIndelsHC.169","PD35967a","TP53","17",7577085,7577085,"Sub","missense","c.853G>A",NA,NA,"high","TP53 Sub missense c.853G>A"
"subsIndelsHC.170","PD31090a","TP53","17",7577121,7577121,"Sub","missense","c.817C>T",NA,NA,"high","TP53 Sub missense c.817C>T"
"subsIndelsHC.171","PD31105a","TP53","17",7577120,7577120,"Sub","missense","c.818G>A",NA,NA,"high","TP53 Sub missense c.818G>A"
"subsIndelsHC.172","PD36020a","TP53","17",7578263,7578263,"Sub","nonsense","c.586C>T",NA,NA,"high","TP53 Sub nonsense c.586C>T"
"subsIndelsHC.173","PD31081a","TP53","17",7578528,7578528,"Sub","missense","c.402T>A",NA,NA,"high","TP53 Sub missense c.402T>A"
"subsIndelsHC.174","PD31046a","TP53","17",7578526,7578526,"Sub","missense","c.404G>A",NA,NA,"high","TP53 Sub missense c.404G>A"
"subsIndelsHC.175","PD35955a","TP53","17",7577539,7577539,"Sub","missense","c.742C>T",NA,NA,"high","TP53 Sub missense c.742C>T"
"subsIndelsHC.176","PD35953a","TP53","17",7578191,7578191,"Del","frameshift","c.657delC",NA,NA,"high","TP53 Del frameshift c.657delC"
"subsIndelsHC.177","PD31047a","TP53","17",7577545,7577545,"Sub","missense","c.736A>G",NA,NA,"high","TP53 Sub missense c.736A>G"
"subsIndelsHC.178","PD35997a","TP53","17",7577082,7577082,"Sub","missense","c.856G>A",NA,NA,"high","TP53 Sub missense c.856G>A"
"subsIndelsHC.179","PD35958a","TP53","17",7577022,7577022,"Sub","nonsense","c.916C>T",NA,NA,"high","TP53 Sub nonsense c.916C>T"
"subsIndelsHC.180","PD36064a","TP53","17",7577022,7577022,"Sub","nonsense","c.916C>T",NA,NA,"high","TP53 Sub nonsense c.916C>T"
"subsIndelsHC.181","PD36025a","TP53","17",7579473,7579473,"Sub","missense","c.214C>G",NA,NA,"high","TP53 Sub missense c.214C>G"
"subsIndelsHC.182","PD31130a","TP53","17",7578190,7578190,"Sub","missense","c.659A>G",NA,NA,"high","TP53 Sub missense c.659A>G"
"subsIndelsHC.183","PD36044a","TP53","17",7578406,7578406,"Sub","missense","c.524G>A",NA,NA,"high","TP53 Sub missense c.524G>A"
"subsIndelsHC.184","PD35932a","TP53","17",7578190,7578190,"Sub","missense","c.659A>G",NA,NA,"high","TP53 Sub missense c.659A>G"
"subsIndelsHC.185","PD31129a","TP53","17",7578263,7578263,"Sub","nonsense","c.586C>T",NA,NA,"high","TP53 Sub nonsense c.586C>T"
"subsIndelsHC.186","PD31111a","TP53","17",7578272,7578272,"Sub","missense","c.577C>T",NA,NA,"high","TP53 Sub missense c.577C>T"
"subsIndelsHC.187","PD31086a","TP53","17",7578263,7578263,"Sub","nonsense","c.586C>T",NA,NA,"high","TP53 Sub nonsense c.586C>T"
"subsIndelsHC.188","PD36006a","TP53","17",7578525,7578525,"Sub","nonsense","c.405C>A",NA,NA,"high","TP53 Sub nonsense c.405C>A"
"subsIndelsHC.189","PD35944a","TP53","17",7578212,7578212,"Sub","nonsense","c.637C>T",NA,NA,"high","TP53 Sub nonsense c.637C>T"
"subsIndelsHC.190","PD31059a","TP53","17",7578212,7578212,"Sub","nonsense","c.637C>T",NA,NA,"high","TP53 Sub nonsense c.637C>T"
"subsIndelsHC.191","PD31135a","TP53","17",7578406,7578406,"Sub","missense","c.524G>A",NA,NA,"high","TP53 Sub missense c.524G>A"
"subsIndelsHC.192","PD31099a","TP53","17",7577022,7577022,"Sub","nonsense","c.916C>T",NA,NA,"high","TP53 Sub nonsense c.916C>T"
"subsIndelsHC.193","PD36048a","TP53","17",7577022,7577022,"Sub","nonsense","c.916C>T",NA,NA,"high","TP53 Sub nonsense c.916C>T"
"subsIndelsHC.194","PD35931a","TP53","17",7579366,7579366,"Sub","nonsense","c.321C>A",NA,NA,"high","TP53 Sub nonsense c.321C>A"
"subsIndelsHC.195","PD35999a","TP53","17",7578271,7578271,"Sub","missense","c.578A>G",NA,NA,"high","TP53 Sub missense c.578A>G"
"subsIndelsHC.196","PD36037a","TP53","17",7578502,7578502,"Sub","missense","c.428T>G",NA,NA,"high","TP53 Sub missense c.428T>G"
"subsIndelsHC.197","PD31051a","TP53","17",7578406,7578406,"Sub","missense","c.524G>A",NA,NA,"high","TP53 Sub missense c.524G>A"
"subsIndelsHC.198","PD31171a","TP53","17",7577118,7577118,"Sub","missense","c.820G>C",NA,NA,"high","TP53 Sub missense c.820G>C"
"subsIndelsHC.199","PD35985a","TP53","17",7577538,7577538,"Sub","missense","c.743G>A",NA,NA,"high","TP53 Sub missense c.743G>A"
"subsIndelsHC.200","PD35941a","TP53","17",7577556,7577556,"Sub","missense","c.725G>A",NA,NA,"high","TP53 Sub missense c.725G>A"
"subsIndelsHC.201","PD36067a","TP53","17",7577539,7577539,"Sub","missense","c.742C>T",NA,NA,"high","TP53 Sub missense c.742C>T"
"subsIndelsHC.202","PD35945a","TP53","17",7578493,7578493,"Sub","nonsense","c.437G>A",NA,NA,"high","TP53 Sub nonsense c.437G>A"
"subsIndelsHC.203","PD31080a","TP53","17",7577539,7577539,"Sub","missense","c.742C>T",NA,NA,"high","TP53 Sub missense c.742C>T"
"subsIndelsHC.204","PD35935a","TP53","17",7577085,7577085,"Sub","missense","c.853G>A",NA,NA,"high","TP53 Sub missense c.853G>A"
"subsIndelsHC.205","PD35926a","TP53","17",7578507,7578507,"Sub","missense","c.423C>G",NA,NA,"high","TP53 Sub missense c.423C>G"
"subsIndelsHC.206","PD35933a","TP53","17",7578403,7578403,"Sub","missense","c.527G>T",NA,NA,"high","TP53 Sub missense c.527G>T"
"subsIndelsHC.207","PD35975a","TP53","17",7578397,7578397,"Ins","frameshift","c.532_533insC",NA,NA,"high","TP53 Ins frameshift c.532_533insC"
"subsIndelsHC.208","PD35946a","TP53","17",7578442,7578442,"Sub","missense","c.488A>G",NA,NA,"high","TP53 Sub missense c.488A>G"
"subsIndelsHC.209","PD31112a","TP53","17",7578442,7578442,"Sub","missense","c.488A>G",NA,NA,"high","TP53 Sub missense c.488A>G"
"subsIndelsHC.210","PD35966a","TP53","17",7577106,7577106,"Sub","missense","c.832C>A",NA,NA,"high","TP53 Sub missense c.832C>A"
"subsIndelsHC.211","PD36024a","TP53","17",7577099,7577099,"Sub","missense","c.839G>A",NA,NA,"high","TP53 Sub missense c.839G>A"
"subsIndelsHC.212","PD31093a","TP53","17",7578190,7578190,"Sub","missense","c.659A>G",NA,NA,"high","TP53 Sub missense c.659A>G"
"subsIndelsHC.213","PD36017a","TP53","17",7578190,7578190,"Sub","missense","c.659A>G",NA,NA,"high","TP53 Sub missense c.659A>G"
"subsIndelsHC.214","PD36010a","TP53","17",7578437,7578437,"Sub","nonsense","c.493C>T",NA,NA,"high","TP53 Sub nonsense c.493C>T"
"subsIndelsHC.215","PD35939a","TP53","17",7578431,7578431,"Sub","nonsense","c.499C>T",NA,NA,"high","TP53 Sub nonsense c.499C>T"
"subsIndelsHC.216","PD35956a","TP53","17",7577097,7577097,"Sub","missense","c.841G>C",NA,NA,"high","TP53 Sub missense c.841G>C"
"subsIndelsHC.217","PD31176a","TP53","17",7577573,7577573,"Sub","nonsense","c.708C>A",NA,NA,"high","TP53 Sub nonsense c.708C>A"
"subsIndelsHC.218","PD31044a","TP53","17",7577574,7577574,"Sub","missense","c.707A>G",NA,NA,"high","TP53 Sub missense c.707A>G"
"subsIndelsHC.219","PD31029a","TP53","17",7578469,7578469,"Del","frameshift","c.448_460delACACCCCCGCCCG",NA,NA,"high","TP53 Del frameshift c.448_460delACACCCCCGCCCG"
"subsIndelsHC.220","PD35954a","TP53","17",7578406,7578406,"Sub","missense","c.524G>A",NA,NA,"high","TP53 Sub missense c.524G>A"
"subsIndelsHC.221","PD31155a","TP53","17",7574003,7574003,"Sub","nonsense","c.1024C>T",NA,NA,"high","TP53 Sub nonsense c.1024C>T"
"subsIndelsHC.222","PD31128a","TP53","17",7574002,7574002,"Del","frameshift","c.1024delC",NA,NA,"high","TP53 Del frameshift c.1024delC"
"subsIndelsHC.223","PD36033a","TP53","17",7578550,7578550,"Sub","missense","c.380C>T",NA,NA,"high","TP53 Sub missense c.380C>T"
"subsIndelsHC.224","PD36004a","TP53","17",7578205,7578205,"Sub","missense","c.644G>T",NA,NA,"high","TP53 Sub missense c.644G>T"
"subsIndelsHC.225","PD36057a","TP53","17",7578204,7578204,"Sub","missense","c.645T>G",NA,NA,"high","TP53 Sub missense c.645T>G"
"subsIndelsHC.226","PD36013a","TP53","17",7578271,7578271,"Sub","missense","c.578A>G",NA,NA,"high","TP53 Sub missense c.578A>G"
"subsIndelsHC.227","PD31156a","TP53","17",7578525,7578525,"Sub","missense","c.405C>G",NA,NA,"high","TP53 Sub missense c.405C>G"
"subsIndelsHC.228","PD35980a","TP53","17",7579528,7579528,"Sub","nonsense","c.159G>A",NA,NA,"high","TP53 Sub nonsense c.159G>A"
"subsIndelsHC.229","PD31066a","TP53","17",7577091,7577091,"Del","inframe","c.841_846delGACCGG",NA,NA,"high","TP53 Del inframe c.841_846delGACCGG"
"subsIndelsHC.230","PD31065a","TP53","17",7577094,7577094,"Sub","missense","c.844C>G",NA,NA,"high","TP53 Sub missense c.844C>G"
"subsIndelsHC.231","PD36058a","TP53","17",7577574,7577574,"Sub","missense","c.707A>G",NA,NA,"high","TP53 Sub missense c.707A>G"
"subsIndelsHC.232","PD31175a","TP53","17",7577082,7577082,"Sub","missense","c.856G>A",NA,NA,"high","TP53 Sub missense c.856G>A"
"subsIndelsHC.233","PD31146a","TP53","17",7579320,7579320,"Del","frameshift","c.365_366delTG",NA,NA,"high","TP53 Del frameshift c.365_366delTG"
"subsIndelsHC.234","PD36029a","TP53","17",7577538,7577538,"Sub","missense","c.743G>A",NA,NA,"high","TP53 Sub missense c.743G>A"
"subsIndelsHC.235","PD35988a","TP53","17",7577518,7577518,"Del","inframe","c.754_762delCTCACCATC",NA,NA,"high","TP53 Del inframe c.754_762delCTCACCATC"
"subsIndelsHC.236","PD31147a","TP53","17",7578203,7578203,"Sub","missense","c.646G>A",NA,NA,"high","TP53 Sub missense c.646G>A"
"subsIndelsHC.237","PD35960a","TP53","17",7578194,7578194,"Del","inframe","c.652_654delGTG",NA,NA,"high","TP53 Del inframe c.652_654delGTG"
"subsIndelsHC.238","PD36011a","TP53","17",7577557,7577557,"Sub","missense","c.724T>A",NA,NA,"high","TP53 Sub missense c.724T>A"
"subsIndelsHC.239","PD31045a","TP53","17",7577524,7577524,"Del","inframe","c.754_756delCTC",NA,NA,"high","TP53 Del inframe c.754_756delCTC"
"subsIndelsHC.240","PD35986a","TP53","17",7577147,7577147,"Del","frameshift","c.790delC",NA,NA,"high","TP53 Del frameshift c.790delC"
"subsIndelsHC.241","PD31120a","TP53","17",7579363,7579363,"Del","frameshift","c.323delG",NA,NA,"high","TP53 Del frameshift c.323delG"
"subsIndelsHC.242","PD35959a","TP53","17",7577099,7577099,"Sub","missense","c.839G>A",NA,NA,"high","TP53 Sub missense c.839G>A"
"subsIndelsHC.243","PD31031a","TP53","17",7578509,7578509,"Del","frameshift","c.405_420del16",NA,NA,"high","TP53 Del frameshift c.405_420del16"
"subsIndelsHC.244","PD36000a","TP53","17",7577517,7577517,"Sub","missense","c.764T>G",NA,NA,"high","TP53 Sub missense c.764T>G"
"subsIndelsHC.245","PD31094a","TP53","17",7577082,7577082,"Sub","missense","c.856G>A",NA,NA,"high","TP53 Sub missense c.856G>A"
"subsIndelsHC.246","PD35929a","TP53","17",7577120,7577120,"Sub","missense","c.818G>A",NA,NA,"high","TP53 Sub missense c.818G>A"
"subsIndelsHC.247","PD31161a","TP53","17",7578442,7578442,"Sub","missense","c.488A>G",NA,NA,"high","TP53 Sub missense c.488A>G"
"subsIndelsHC.248","PD31041a","TP53","17",7579349,7579349,"Sub","missense","c.338T>C",NA,NA,"high","TP53 Sub missense c.338T>C"
"subsIndelsHC.249","PD35990a","TP53","17",7577120,7577120,"Sub","missense","c.818G>A",NA,NA,"high","TP53 Sub missense c.818G>A"
"subsIndelsHC.250","PD31089a","TP53","17",7578499,7578499,"Del","frameshift","c.430delC",NA,NA,"high","TP53 Del frameshift c.430delC"
"subsIndelsHC.251","PD35998a","TP53","17",7578212,7578212,"Del","frameshift","c.635_636delTT",NA,NA,"high","TP53 Del frameshift c.635_636delTT"
"subsIndelsHC.252","PD36052a","TP53","17",7578500,7578500,"Sub","nonsense","c.430C>T",NA,NA,"high","TP53 Sub nonsense c.430C>T"
"subsIndelsHC.253","PD31169a","TP53","17",7579323,7579323,"Ins","frameshift","c.363_364insTCTTGCATTCTGGGACAGCCAAGTCT",NA,NA,"high","TP53 Ins frameshift c.363_364insTCTTGCATTCTGGGACAGCCAAGTCT"
"subsIndelsHC.254","PD31127a","TP53","17",7574003,7574003,"Sub","nonsense","c.1024C>T",NA,NA,"high","TP53 Sub nonsense c.1024C>T"
"subsIndelsHC.255","PD31116a","TP53","17",7577094,7577094,"Sub","missense","c.844C>T",NA,NA,"high","TP53 Sub missense c.844C>T"
"subsIndelsHC.256","PD31107a","TP53","17",7579330,7579330,"Ins","frameshift","c.356_357insATTCTGGGACAGC",NA,NA,"high","TP53 Ins frameshift c.356_357insATTCTGGGACAGC"
"subsIndelsHC.257","PD35993a","TP53","17",7578406,7578406,"Sub","missense","c.524G>A",NA,NA,"high","TP53 Sub missense c.524G>A"
"subsIndelsHC.258","PD31108a","TP53","17",7579358,7579358,"Sub","missense","c.329G>C",NA,NA,"high","TP53 Sub missense c.329G>C"
"subsIndelsHC.259","PD35994a","TP53","17",7579358,7579358,"Sub","missense","c.329G>C",NA,NA,"high","TP53 Sub missense c.329G>C"
"subsIndelsHC.260","PD35961a","TP53","17",7578455,7578455,"Sub","missense","c.475G>C",NA,NA,"high","TP53 Sub missense c.475G>C"
"subsIndelsHC.261","PD36063a","TP53","17",7577538,7577538,"Sub","missense","c.743G>A",NA,NA,"high","TP53 Sub missense c.743G>A"
"subsIndelsHC.262","PD31167a","TP53","17",7577568,7577568,"Sub","missense","c.713G>A",NA,NA,"high","TP53 Sub missense c.713G>A"
"subsIndelsHC.263","PD31043a","TP53","17",7578268,7578268,"Sub","missense","c.581T>G",NA,NA,"high","TP53 Sub missense c.581T>G"
"subsIndelsHC.264","PD31068a","TP53","17",7577593,7577593,"Del","frameshift","c.686_687delGT",NA,NA,"high","TP53 Del frameshift c.686_687delGT"
"subsIndelsHC.265","PD35987a","TP53","17",7577100,7577100,"Sub","missense","c.838A>G",NA,NA,"high","TP53 Sub missense c.838A>G"
"subsIndelsHC.266","PD31087a","TP53","17",7579363,7579363,"Del","frameshift","c.323delG",NA,NA,"high","TP53 Del frameshift c.323delG"
"subsIndelsHC.267","PD35965a","TP53","17",7578268,7578268,"Sub","missense","c.581T>G",NA,NA,"high","TP53 Sub missense c.581T>G"
"subsIndelsHC.268","PD31140a","TP53","17",7577556,7577556,"Del","frameshift","c.724delT",NA,NA,"high","TP53 Del frameshift c.724delT"
"subsIndelsHC.269","PD31109a","TP53","17",7577547,7577547,"Sub","missense","c.734G>T",NA,NA,"high","TP53 Sub missense c.734G>T"
"subsIndelsHC.270","PD36026a","TP53","17",7577079,7577079,"Sub","nonsense","c.859G>T",NA,NA,"high","TP53 Sub nonsense c.859G>T"
"subsIndelsHC.271","PD36031a","TP53","17",7578212,7578212,"Sub","nonsense","c.637C>T",NA,NA,"high","TP53 Sub nonsense c.637C>T"
"subsIndelsHC.272","PD36060a","TP53","17",7577547,7577547,"Sub","missense","c.734G>A",NA,NA,"high","TP53 Sub missense c.734G>A"
"subsIndelsHC.273","PD31170a","TP53","17",7577538,7577538,"Sub","missense","c.743G>A",NA,NA,"high","TP53 Sub missense c.743G>A"
"subsIndelsHC.274","PD36065a","TP53","17",7577556,7577556,"Sub","missense","c.725G>T",NA,NA,"high","TP53 Sub missense c.725G>T"
"subsIndelsHC.275","PD35966a","TP53","17",7577079,7577079,"Del","frameshift","c.858delA",NA,NA,"high","TP53 Del frameshift c.858delA"
"subsIndelsHC.276","PD31037a","TP53","17",7577120,7577120,"Sub","missense","c.818G>A",NA,NA,"high","TP53 Sub missense c.818G>A"
"subsIndelsHC.277","PD36043a","TP53","17",7578212,7578212,"Sub","nonsense","c.637C>T",NA,NA,"high","TP53 Sub nonsense c.637C>T"
"subsIndelsHC.278","PD35962a","TP53","17",7578212,7578212,"Sub","nonsense","c.637C>T",NA,NA,"high","TP53 Sub nonsense c.637C>T"
"subsIndelsHC.279","PD36027a","TP53","17",7577538,7577538,"Sub","missense","c.743G>A",NA,NA,"high","TP53 Sub missense c.743G>A"
"subsIndelsHC.280","PD36049a","TP53","17",7579535,7579535,"Del","frameshift","c.151delG",NA,NA,"high","TP53 Del frameshift c.151delG"
"subsIndelsHC.281","PD36015a","TP53","17",7578403,7578403,"Sub","missense","c.527G>T",NA,NA,"high","TP53 Sub missense c.527G>T"
"subsIndelsHC.282","PD31028a","TP53","17",7577140,7577140,"Del","frameshift","c.797delG",NA,NA,"high","TP53 Del frameshift c.797delG"
"subsIndelsHC.283","PD31158a","TP53","17",7577141,7577141,"Sub","missense","c.797G>A",NA,NA,"high","TP53 Sub missense c.797G>A"
"subsIndelsHC.284","PD31164a","TP53","17",7577539,7577539,"Sub","missense","c.742C>G",NA,NA,"high","TP53 Sub missense c.742C>G"
"subsIndelsHC.285","PD31124a","TP53","17",7578402,7578402,"Sub","missense","c.528C>G",NA,NA,"high","TP53 Sub missense c.528C>G"
"subsIndelsHC.286","PD36039a","TP53","17",7578535,7578535,"Sub","missense","c.395A>G",NA,NA,"high","TP53 Sub missense c.395A>G"
"subsIndelsHC.287","PD31097a","TP53","17",7577548,7577548,"Sub","missense","c.733G>T",NA,NA,"high","TP53 Sub missense c.733G>T"
"subsIndelsHC.288","PD35978a","TP53","17",7578403,7578403,"Sub","missense","c.527G>A",NA,NA,"high","TP53 Sub missense c.527G>A"
"subsIndelsHC.289","PD36034a","TP53","17",7578534,7578534,"Sub","missense","c.396G>C",NA,NA,"high","TP53 Sub missense c.396G>C"
"subsIndelsHC.290","PD36044a","UBR5","8",103269934,103269934,"Sub","nonsense","c.8113G>T",NA,NA,"high","UBR5 Sub nonsense c.8113G>T"
"subsIndelsHC.291","PD36010a","UBR5","8",103293557,103293557,"Sub","nonsense","c.5887C>T",NA,NA,"high","UBR5 Sub nonsense c.5887C>T"
"subsIndelsHC.292","PD36007a","ZFHX3","16",72832575,72832575,"Sub","missense","c.4006G>A",NA,NA,"high","ZFHX3 Sub missense c.4006G>A"
"subsIndelsLC.1","PD31174a","BRD7","16",50357576,50357576,"Sub","nonsense","c.1365T>G",NA,NA,"low","BRD7 Sub nonsense c.1365T>G"
"subsIndelsLC.2","PD36057a","BRD7","16",50357576,50357576,"Sub","nonsense","c.1365T>G",NA,NA,"low","BRD7 Sub nonsense c.1365T>G"
"subsIndelsLC.3","PD36025a","CREBBP","16",3843495,3843495,"Del","frameshift","c.1097_1107delAGTGTCAGAGA",NA,NA,"low","CREBBP Del frameshift c.1097_1107delAGTGTCAGAGA"
"subsIndelsLC.4","PD31134a","CREBBP","16",3843447,3843447,"Sub","nonsense","c.1156C>T",NA,NA,"low","CREBBP Sub nonsense c.1156C>T"
"subsIndelsLC.5","PD35985a","CREBBP","16",3789629,3789629,"Del","frameshift","c.4211_4229del19",NA,NA,"low","CREBBP Del frameshift c.4211_4229del19"
"subsIndelsLC.6","PD35967a","CREBBP","16",3808901,3808901,"Sub","nonsense","c.3323C>A",NA,NA,"low","CREBBP Sub nonsense c.3323C>A"
"subsIndelsLC.7","PD36037a","FAT4","4",126370128,126370128,"Sub","missense","c.7957G>A",NA,NA,"low","FAT4 Sub missense c.7957G>A"
"subsIndelsLC.8","PD35928a","KCNH5","14",63174447,63174447,"Sub","missense","c.2746G>A",NA,NA,"low","KCNH5 Sub missense c.2746G>A"
"subsIndelsLC.9","PD31128a","LZTR1","22",21349201,21349201,"Sub","nonsense","c.1828C>T",NA,NA,"low","LZTR1 Sub nonsense c.1828C>T"
"subsIndelsLC.10","PD31158a","LZTR1","22",21343080,21343080,"Del","frameshift","c.513_528del16",NA,NA,"low","LZTR1 Del frameshift c.513_528del16"
"subsIndelsLC.11","PD31122a","MRE11A","11",94189472,94189472,"Del","frameshift","c.1532delA",NA,NA,"low","MRE11A Del frameshift c.1532delA"
"subsIndelsLC.12","PD31030a","NOTCH1","9",139390791,139390791,"Sub","nonsense","c.7400C>A",NA,NA,"low","NOTCH1 Sub nonsense c.7400C>A"
"subsIndelsLC.13","PD31058a","NOTCH1","9",139397640,139397640,"Sub","missense","c.5161G>A",NA,NA,"low","NOTCH1 Sub missense c.5161G>A"
"subsIndelsLC.14","PD31040a","NOTCH2","1",120458435,120458435,"Ins","frameshift","c.6909_6910insC",NA,NA,"low","NOTCH2 Ins frameshift c.6909_6910insC"
"subsIndelsLC.15","PD31139a","NOTCH2","1",120458071,120458071,"Sub","nonsense","c.7274G>A",NA,NA,"low","NOTCH2 Sub nonsense c.7274G>A"
"subsIndelsLC.16","PD31174a","NOTCH2","1",120458450,120458450,"Sub","nonsense","c.6895G>T",NA,NA,"low","NOTCH2 Sub nonsense c.6895G>T"
"subsIndelsLC.17","PD36066a","PTPRD","9",8525035,8525035,"Sub","missense","c.569G>A",NA,NA,"low","PTPRD Sub missense c.569G>A"
"subsIndelsLC.18","PD35991a","RIMS2","8",104898359,104898359,"Sub","missense","c.1532C>T",NA,NA,"low","RIMS2 Sub missense c.1532C>T"
"subsIndelsLC.19","PD31122a","RIMS2","8",104927778,104927778,"Del","frameshift","c.1869delA",NA,NA,"low","RIMS2 Del frameshift c.1869delA"
"subsIndelsLC.20","PD31040a","TRUB1","10",116730191,116730191,"Del","frameshift","c.589delC",NA,NA,"low","TRUB1 Del frameshift c.589delC"
"subsIndelsLC.21","PD31156a","UNC13C","15",54306737,54306737,"Sub","missense","c.1637T>G",NA,NA,"low","UNC13C Sub missense c.1637T>G"
"rearr.1","PD31028a","RB1","13",48938875,48938877,"r.deletion",NA,NA,NA,NA,NA,"RB1 deletion"
"rearr.2","PD31028a","RB1","4",49026657,49026661,"r.deletion",NA,NA,NA,NA,NA,"RB1 deletion"
"rearr.3","PD31041a","PTEN","1",89626438,89626445,"r.deletion",NA,NA,NA,NA,NA,"PTEN deletion"
"rearr.4","PD31041a","RB1","4",48887901,48887902,"r.inversion",NA,NA,NA,NA,NA,"RB1 inversion"
"rearr.5","PD31041a","RB1","4",48887935,48887936,"r.inversion",NA,NA,NA,NA,NA,"RB1 inversion"
"rearr.6","PD31041a","ARID1B","6",157383866,157383867,"r.tandem-duplication",NA,NA,NA,NA,NA,"ARID1B tandem-duplication"
"rearr.7","PD31042a","MLLT4","13",168227960,168227961,"r.translocation",NA,NA,NA,NA,NA,"MLLT4 translocation"
"rearr.8","PD31042a","MLLT4","13",168227903,168227904,"r.translocation",NA,NA,NA,NA,NA,"MLLT4 translocation"
"rearr.9","PD31043a","PTEN","10",89649193,89649194,"r.deletion",NA,NA,NA,NA,NA,"PTEN deletion"
"rearr.10","PD31043a","RB1","13",48934965,48934968,"r.tandem-duplication",NA,NA,NA,NA,NA,"RB1 tandem-duplication"
"rearr.11","PD31044a","PTEN","10",89714426,89714431,"r.deletion",NA,NA,NA,NA,NA,"PTEN deletion"
"rearr.12","PD31044a","FBXW7","4",153253072,153253076,"r.tandem-duplication",NA,NA,NA,NA,NA,"FBXW7 tandem-duplication"
"rearr.13","PD31044a","MAP3K1","5",56136008,56136010,"r.tandem-duplication",NA,NA,NA,NA,NA,"MAP3K1 tandem-duplication"
"rearr.14","PD31044a","MLLT4","13",168236577,168236578,"r.deletion",NA,NA,NA,NA,NA,"MLLT4 deletion"
"rearr.15","PD31047a","RB1","13",48898895,48898896,"r.deletion",NA,NA,NA,NA,NA,"RB1 deletion"
"rearr.16","PD31048a","PTEN","10",89677245,89677248,"r.deletion",NA,NA,NA,NA,NA,"PTEN deletion"
"rearr.17","PD31053a","PTEN","10",89719967,89719968,"r.deletion",NA,NA,NA,NA,NA,"PTEN deletion"
"rearr.18","PD31056a","RB1","13",48887982,48887985,"r.deletion",NA,NA,NA,NA,NA,"RB1 deletion"
"rearr.19","PD31057a","RB1","13",48948925,48948926,"r.tandem-duplication",NA,NA,NA,NA,NA,"RB1 tandem-duplication"
"rearr.20","PD31057a","ARID1B","6",157404436,157404440,"r.tandem-duplication",NA,NA,NA,NA,NA,"ARID1B tandem-duplication"
"rearr.21","PD31059a","RB1","13",49005017,49005023,"r.tandem-duplication",NA,NA,NA,NA,NA,"RB1 tandem-duplication"
"rearr.22","PD31066a","PTEN","10",89706566,89706568,"r.tandem-duplication",NA,NA,NA,NA,NA,"PTEN tandem-duplication"
"rearr.23","PD31072a","RB1","4",48918388,48918389,"r.deletion",NA,NA,NA,NA,NA,"RB1 deletion"
"rearr.24","PD31074a","RB1","13",48948255,48948258,"r.tandem-duplication",NA,NA,NA,NA,NA,"RB1 tandem-duplication"
"rearr.25","PD31074a","ARID1B","13",157468023,157468024,"r.inversion",NA,NA,NA,NA,NA,"ARID1B inversion"
"rearr.26","PD31074a","ARID1B","6",157468023,157468024,"r.tandem-duplication",NA,NA,NA,NA,NA,"ARID1B tandem-duplication"
"rearr.27","PD31080a","PTEN","10",89716225,89716226,"r.deletion",NA,NA,NA,NA,NA,"PTEN deletion"
"rearr.28","PD31089a","RB1","4",48961842,48961843,"r.inversion",NA,NA,NA,NA,NA,"RB1 inversion"
"rearr.29","PD31089a","RB1","4",48961989,48961990,"r.inversion",NA,NA,NA,NA,NA,"RB1 inversion"
"rearr.30","PD31092a","PTEN","10",89678213,89678214,"r.inversion",NA,NA,NA,NA,NA,"PTEN inversion"
"rearr.31","PD31092a","MLLT4","13",168347005,168347006,"r.translocation",NA,NA,NA,NA,NA,"MLLT4 translocation"
"rearr.32","PD31092a","MLLT4","13",168346809,168346810,"r.translocation",NA,NA,NA,NA,NA,"MLLT4 translocation"
"rearr.33","PD31092a","CDKN2A","9",21981883,21981884,"r.deletion",NA,NA,NA,NA,NA,"CDKN2A deletion"
"rearr.34","PD31093a","PTEN","10",89720076,89720077,"r.tandem-duplication",NA,NA,NA,NA,NA,"PTEN tandem-duplication"
"rearr.35","PD31093a","RB1","13",48917085,48917086,"r.tandem-duplication",NA,NA,NA,NA,NA,"RB1 tandem-duplication"
"rearr.36","PD31094a","RB1","13",49032392,49032393,"r.tandem-duplication",NA,NA,NA,NA,NA,"RB1 tandem-duplication"
"rearr.37","PD31094a","ARID1B","6",157499517,157499520,"r.translocation",NA,NA,NA,NA,NA,"ARID1B translocation"
"rearr.38","PD31097a","PTEN","10",89679368,89679375,"r.tandem-duplication",NA,NA,NA,NA,NA,"PTEN tandem-duplication"
"rearr.39","PD31106a","PTEN","1",89700954,89700956,"r.translocation",NA,NA,NA,NA,NA,"PTEN translocation"
"rearr.40","PD31122a","RB1","13",48930613,48930614,"r.inversion",NA,NA,NA,NA,NA,"RB1 inversion"
"rearr.41","PD31122a","RB1","13",48931120,48931121,"r.inversion",NA,NA,NA,NA,NA,"RB1 inversion"
"rearr.42","PD31122a","RB1","13",48931232,48931233,"r.deletion",NA,NA,NA,NA,NA,"RB1 deletion"
"rearr.43","PD31122a","RB1","13",48947291,48947292,"r.inversion",NA,NA,NA,NA,NA,"RB1 inversion"
"rearr.44","PD31123a","RB1","13",48982766,48982767,"r.inversion",NA,NA,NA,NA,NA,"RB1 inversion"
"rearr.45","PD31125a","RB1","13",49015477,49015479,"r.translocation",NA,NA,NA,NA,NA,"RB1 translocation"
"rearr.46","PD31125a","RB1","13",49020947,49020948,"r.translocation",NA,NA,NA,NA,NA,"RB1 translocation"
"rearr.47","PD31134a","RB1","13",48905604,48905609,"r.deletion",NA,NA,NA,NA,NA,"RB1 deletion"
"rearr.48","PD31135a","FBXW7","4",153257107,153257111,"r.tandem-duplication",NA,NA,NA,NA,NA,"FBXW7 tandem-duplication"
"rearr.49","PD31136a","ARID1B","13",157268886,157268890,"r.translocation",NA,NA,NA,NA,NA,"ARID1B translocation"
"rearr.50","PD31140a","RB1","13",49000322,49000323,"r.inversion",NA,NA,NA,NA,NA,"RB1 inversion"
"rearr.51","PD31140a","RB1","13",49000349,49000351,"r.inversion",NA,NA,NA,NA,NA,"RB1 inversion"
"rearr.52","PD31144a","PTEN","10",89678995,89678996,"r.tandem-duplication",NA,NA,NA,NA,NA,"PTEN tandem-duplication"
"rearr.53","PD31145a","PTEN","10",89712596,89712599,"r.tandem-duplication",NA,NA,NA,NA,NA,"PTEN tandem-duplication"
"rearr.54","PD31145a","RB1","13",49027541,49027542,"r.tandem-duplication",NA,NA,NA,NA,NA,"RB1 tandem-duplication"
"rearr.55","PD31145a","RB1","13",49027541,49027542,"r.translocation",NA,NA,NA,NA,NA,"RB1 translocation"
"rearr.56","PD31145a","RB1","13",49032259,49032262,"r.translocation",NA,NA,NA,NA,NA,"RB1 translocation"
"rearr.57","PD31145a","FBXW7","4",153257436,153257438,"r.deletion",NA,NA,NA,NA,NA,"FBXW7 deletion"
"rearr.58","PD31145a","ARID1B","6",157500459,157500460,"r.translocation",NA,NA,NA,NA,NA,"ARID1B translocation"
"rearr.59","PD31145a","ARID1B","6",157500488,157500489,"r.translocation",NA,NA,NA,NA,NA,"ARID1B translocation"
"rearr.60","PD31145a","MLLT4","6",168288420,168288421,"r.tandem-duplication",NA,NA,NA,NA,NA,"MLLT4 tandem-duplication"
"rearr.61","PD31145a","MLLT4","6",168290513,168290516,"r.tandem-duplication",NA,NA,NA,NA,NA,"MLLT4 tandem-duplication"
"rearr.62","PD31155a","PTEN","10",89701237,89701242,"r.deletion",NA,NA,NA,NA,NA,"PTEN deletion"
"rearr.63","PD31156a","ARID1B","13",157470693,157470694,"r.inversion",NA,NA,NA,NA,NA,"ARID1B inversion"
"rearr.64","PD31166a","RB1","13",49033957,49033958,"r.translocation",NA,NA,NA,NA,NA,"RB1 translocation"
"rearr.65","PD31166a","RB1","4",48943272,48943273,"r.translocation",NA,NA,NA,NA,NA,"RB1 translocation"
"rearr.66","PD31167a","PTEN","1",89719457,89719460,"r.deletion",NA,NA,NA,NA,NA,"PTEN deletion"
"rearr.67","PD31167a","ARID1B","6",157249908,157249911,"r.deletion",NA,NA,NA,NA,NA,"ARID1B deletion"
"rearr.68","PD31171a","CDKN2A","9",21972433,21972437,"r.deletion",NA,NA,NA,NA,NA,"CDKN2A deletion"
"rearr.69","PD31176a","PTEN","1",89663708,89663714,"r.deletion",NA,NA,NA,NA,NA,"PTEN deletion"
"rearr.70","PD31176a","ARID1B","6",157490053,157490054,"r.tandem-duplication",NA,NA,NA,NA,NA,"ARID1B tandem-duplication"
"rearr.71","PD31177a","PTEN","10",89649201,89649206,"r.deletion",NA,NA,NA,NA,NA,"PTEN deletion"
"rearr.72","PD31178a","RB1","4",48884641,48884646,"r.deletion",NA,NA,NA,NA,NA,"RB1 deletion"
"rearr.73","PD31181a","FBXW7","11",153292026,153292031,"r.tandem-duplication",NA,NA,NA,NA,NA,"FBXW7 tandem-duplication"
"rearr.74","PD35926a","ARID1B","13",157528175,157528181,"r.translocation",NA,NA,NA,NA,NA,"ARID1B translocation"
"rearr.75","PD35931a","RB1","13",48941638,48941640,"r.deletion",NA,NA,NA,NA,NA,"RB1 deletion"
"rearr.76","PD35931a","RB1","13",48941651,48941654,"r.tandem-duplication",NA,NA,NA,NA,NA,"RB1 tandem-duplication"
"rearr.77","PD35933a","RB1","13",48945665,48945668,"r.tandem-duplication",NA,NA,NA,NA,NA,"RB1 tandem-duplication"
"rearr.78","PD35937a","CDKN2A","9",21973626,21973627,"r.deletion",NA,NA,NA,NA,NA,"CDKN2A deletion"
"rearr.79","PD35941a","RB1","13",48936637,48936638,"r.tandem-duplication",NA,NA,NA,NA,NA,"RB1 tandem-duplication"
"rearr.80","PD35943a","FBXW7","11",153302020,153302021,"r.inversion",NA,NA,NA,NA,NA,"FBXW7 inversion"
"rearr.81","PD35945a","RB1","4",48936964,48936967,"r.translocation",NA,NA,NA,NA,NA,"RB1 translocation"
"rearr.82","PD35953a","MLLT4","13",168234915,168234916,"r.translocation",NA,NA,NA,NA,NA,"MLLT4 translocation"
"rearr.83","PD35954a","PTEN","10",89649326,89649327,"r.translocation",NA,NA,NA,NA,NA,"PTEN translocation"
"rearr.84","PD35954a","PTEN","10",89654320,89654324,"r.translocation",NA,NA,NA,NA,NA,"PTEN translocation"
"rearr.85","PD35954a","ARID1B","6",157199712,157199714,"r.translocation",NA,NA,NA,NA,NA,"ARID1B translocation"
"rearr.86","PD35955a","PTEN","1",89624931,89624932,"r.deletion",NA,NA,NA,NA,NA,"PTEN deletion"
"rearr.87","PD35956a","PTEN","1",89714296,89714297,"r.deletion",NA,NA,NA,NA,NA,"PTEN deletion"
"rearr.88","PD35957a","PTEN","1",89624599,89624602,"r.deletion",NA,NA,NA,NA,NA,"PTEN deletion"
"rearr.89","PD35957a","PTEN","10",89713303,89713304,"r.translocation",NA,NA,NA,NA,NA,"PTEN translocation"
"rearr.90","PD35957a","PTEN","10",89713412,89713413,"r.translocation",NA,NA,NA,NA,NA,"PTEN translocation"
"rearr.91","PD35957a","PTEN","10",89720815,89720816,"r.translocation",NA,NA,NA,NA,NA,"PTEN translocation"
"rearr.92","PD35957a","RB1","13",49029431,49029432,"r.tandem-duplication",NA,NA,NA,NA,NA,"RB1 tandem-duplication"
"rearr.93","PD35957a","PTEN","1",89720732,89720733,"r.translocation",NA,NA,NA,NA,NA,"PTEN translocation"
"rearr.94","PD35958a","PTEN","10",89681267,89681270,"r.tandem-duplication",NA,NA,NA,NA,NA,"PTEN tandem-duplication"
"rearr.95","PD35958a","RB1","13",49022405,49022408,"r.tandem-duplication",NA,NA,NA,NA,NA,"RB1 tandem-duplication"
"rearr.96","PD35958a","RB1","13",49027717,49027720,"r.tandem-duplication",NA,NA,NA,NA,NA,"RB1 tandem-duplication"
"rearr.97","PD35959a","ARID1B","6",157114776,157114779,"r.deletion",NA,NA,NA,NA,NA,"ARID1B deletion"
"rearr.98","PD35961a","ARID1B","13",157207620,157207621,"r.inversion",NA,NA,NA,NA,NA,"ARID1B inversion"
"rearr.99","PD35964a","PTEN","10",89657891,89657898,"r.tandem-duplication",NA,NA,NA,NA,NA,"PTEN tandem-duplication"
"rearr.100","PD35964a","TP53","17",7574490,7574491,"r.deletion",NA,NA,NA,NA,NA,"TP53 deletion"
"rearr.101","PD35968a","ARID1B","13",157105843,157105845,"r.inversion",NA,NA,NA,NA,NA,"ARID1B inversion"
"rearr.102","PD35968a","ARID1B","13",157129101,157129108,"r.inversion",NA,NA,NA,NA,NA,"ARID1B inversion"
"rearr.103","PD35972a","RB1","13",48914612,48914616,"r.tandem-duplication",NA,NA,NA,NA,NA,"RB1 tandem-duplication"
"rearr.104","PD35975a","RB1","13",48878167,48878170,"r.deletion",NA,NA,NA,NA,NA,"RB1 deletion"
"rearr.105","PD35975a","ARID1B","6",157493944,157493946,"r.tandem-duplication",NA,NA,NA,NA,NA,"ARID1B tandem-duplication"
"rearr.106","PD35980a","PTEN","10",89652944,89652947,"r.tandem-duplication",NA,NA,NA,NA,NA,"PTEN tandem-duplication"
"rearr.107","PD35980a","RB1","13",48918082,48918083,"r.tandem-duplication",NA,NA,NA,NA,NA,"RB1 tandem-duplication"
"rearr.108","PD35980a","RB1","13",48920082,48920083,"r.translocation",NA,NA,NA,NA,NA,"RB1 translocation"
"rearr.109","PD35980a","RB1","13",48922934,48922937,"r.translocation",NA,NA,NA,NA,NA,"RB1 translocation"
"rearr.110","PD35984a","RB1","13",48900275,48900276,"r.deletion",NA,NA,NA,NA,NA,"RB1 deletion"
"rearr.111","PD35984a","ARID1B","6",157524908,157524910,"r.tandem-duplication",NA,NA,NA,NA,NA,"ARID1B tandem-duplication"
"rearr.112","PD35986a","RB1","13",48944426,48944427,"r.tandem-duplication",NA,NA,NA,NA,NA,"RB1 tandem-duplication"
"rearr.113","PD35986a","RB1","13",48944538,48944539,"r.inversion",NA,NA,NA,NA,NA,"RB1 inversion"
"rearr.114","PD35986a","RB1","13",48953707,48953708,"r.inversion",NA,NA,NA,NA,NA,"RB1 inversion"
"rearr.115","PD35988a","RB1","4",48950857,48950859,"r.deletion",NA,NA,NA,NA,NA,"RB1 deletion"
"rearr.116","PD35990a","RB1","13",49029404,49029408,"r.tandem-duplication",NA,NA,NA,NA,NA,"RB1 tandem-duplication"
"rearr.117","PD35992a","MLLT4","6",168285614,168285615,"r.tandem-duplication",NA,NA,NA,NA,NA,"MLLT4 tandem-duplication"
"rearr.118","PD35993a","PTEN","10",89636031,89636032,"r.deletion",NA,NA,NA,NA,NA,"PTEN deletion"
"rearr.119","PD35995a","RB1","13",49025331,49025334,"r.tandem-duplication",NA,NA,NA,NA,NA,"RB1 tandem-duplication"
"rearr.120","PD35999a","PTEN","10",89720419,89720420,"r.deletion",NA,NA,NA,NA,NA,"PTEN deletion"
"rearr.121","PD36000a","PTEN","1",89719334,89719335,"r.translocation",NA,NA,NA,NA,NA,"PTEN translocation"
"rearr.122","PD36000a","PTEN","1",89719341,89719342,"r.translocation",NA,NA,NA,NA,NA,"PTEN translocation"
"rearr.123","PD36002a","PTEN","10",89720052,89720053,"r.deletion",NA,NA,NA,NA,NA,"PTEN deletion"
"rearr.124","PD36002a","PTEN","10",89721564,89721566,"r.translocation",NA,NA,NA,NA,NA,"PTEN translocation"
"rearr.125","PD36004a","RB1","13",48972731,48972733,"r.tandem-duplication",NA,NA,NA,NA,NA,"RB1 tandem-duplication"
"rearr.126","PD36004a","FBXW7","11",153279431,153279432,"r.translocation",NA,NA,NA,NA,NA,"FBXW7 translocation"
"rearr.127","PD36006a","RB1","4",48960177,48960178,"r.deletion",NA,NA,NA,NA,NA,"RB1 deletion"
"rearr.128","PD36006a","MLLT4","6",168269603,168269607,"r.deletion",NA,NA,NA,NA,NA,"MLLT4 deletion"
"rearr.129","PD36010a","PTEN","10",89691243,89691244,"r.tandem-duplication",NA,NA,NA,NA,NA,"PTEN tandem-duplication"
"rearr.130","PD36010a","RB1","4",49006628,49006629,"r.translocation",NA,NA,NA,NA,NA,"RB1 translocation"
"rearr.131","PD36010a","RB1","4",49006600,49006601,"r.translocation",NA,NA,NA,NA,NA,"RB1 translocation"
"rearr.132","PD36010a","FBXW7","4",153329855,153329856,"r.tandem-duplication",NA,NA,NA,NA,NA,"FBXW7 tandem-duplication"
"rearr.133","PD36013a","TP53","17",7590452,7590453,"r.translocation",NA,NA,NA,NA,NA,"TP53 translocation"
"rearr.134","PD36013a","TP53","17",7590591,7590593,"r.translocation",NA,NA,NA,NA,NA,"TP53 translocation"
"rearr.135","PD36014a","FBXW7","4",153331922,153331926,"r.inversion",NA,NA,NA,NA,NA,"FBXW7 inversion"
"rearr.136","PD36016a","PTEN","1",89645085,89645086,"r.tandem-duplication",NA,NA,NA,NA,NA,"PTEN tandem-duplication"
"rearr.137","PD36017a","PTEN","1",89726679,89726685,"r.deletion",NA,NA,NA,NA,NA,"PTEN deletion"
"rearr.138","PD36017a","MLLT4","13",168228478,168228480,"r.translocation",NA,NA,NA,NA,NA,"MLLT4 translocation"
"rearr.139","PD36021a","PTEN","1",89710775,89710778,"r.deletion",NA,NA,NA,NA,NA,"PTEN deletion"
"rearr.140","PD36021a","TP53","17",7590010,7590011,"r.inversion",NA,NA,NA,NA,NA,"TP53 inversion"
"rearr.141","PD36022a","RB1","13",48910132,48910133,"r.deletion",NA,NA,NA,NA,NA,"RB1 deletion"
"rearr.142","PD36023a","MAP2K4","17",11943390,11943391,"r.deletion",NA,NA,NA,NA,NA,"MAP2K4 deletion"
"rearr.143","PD36023a","FBXW7","11",153433088,153433091,"r.inversion",NA,NA,NA,NA,NA,"FBXW7 inversion"
"rearr.144","PD36024a","RB1","4",48948172,48948173,"r.translocation",NA,NA,NA,NA,NA,"RB1 translocation"
"rearr.145","PD36024a","RB1","4",48955781,48955782,"r.translocation",NA,NA,NA,NA,NA,"RB1 translocation"
"rearr.146","PD36024a","PTEN","1",89709044,89709045,"r.translocation",NA,NA,NA,NA,NA,"PTEN translocation"
"rearr.147","PD36024a","PTEN","1",89709053,89709054,"r.translocation",NA,NA,NA,NA,NA,"PTEN translocation"
"rearr.148","PD36025a","ARID1B","6",157499467,157499470,"r.tandem-duplication",NA,NA,NA,NA,NA,"ARID1B tandem-duplication"
"rearr.149","PD36027a","RB1","13",48907860,48907861,"r.deletion",NA,NA,NA,NA,NA,"RB1 deletion"
"rearr.150","PD36029a","FBXW7","4",153246656,153246659,"r.tandem-duplication",NA,NA,NA,NA,NA,"FBXW7 tandem-duplication"
"rearr.151","PD36032a","RB1","4",48996312,48996313,"r.translocation",NA,NA,NA,NA,NA,"RB1 translocation"
"rearr.152","PD36032a","RB1","4",48996321,48996322,"r.translocation",NA,NA,NA,NA,NA,"RB1 translocation"
"rearr.153","PD36033a","ARID1B","13",157189099,157189101,"r.inversion",NA,NA,NA,NA,NA,"ARID1B inversion"
"rearr.154","PD36033a","ARID1B","13",157187836,157187838,"r.inversion",NA,NA,NA,NA,NA,"ARID1B inversion"
"rearr.155","PD36033a","ARID1B","6",157173163,157173166,"r.inversion",NA,NA,NA,NA,NA,"ARID1B inversion"
"rearr.156","PD36034a","RB1","13",48945945,48945946,"r.tandem-duplication",NA,NA,NA,NA,NA,"RB1 tandem-duplication"
"rearr.157","PD36034a","RB1","4",48948782,48948784,"r.translocation",NA,NA,NA,NA,NA,"RB1 translocation"
"rearr.158","PD36034a","RB1","4",48945945,48945947,"r.translocation",NA,NA,NA,NA,NA,"RB1 translocation"
"rearr.159","PD36037a","PTEN","10",89699209,89699210,"r.deletion",NA,NA,NA,NA,NA,"PTEN deletion"
"rearr.160","PD36037a","RB1","4",48902654,48902655,"r.translocation",NA,NA,NA,NA,NA,"RB1 translocation"
"rearr.161","PD36043a","MLLT4","13",168308572,168308575,"r.tandem-duplication",NA,NA,NA,NA,NA,"MLLT4 tandem-duplication"
"rearr.162","PD36049a","RB1","4",49007808,49007816,"r.inversion",NA,NA,NA,NA,NA,"RB1 inversion"
"rearr.163","PD36052a","FBXW7","4",153247911,153247912,"r.translocation",NA,NA,NA,NA,NA,"FBXW7 translocation"
"rearr.164","PD36052a","FBXW7","4",153248068,153248069,"r.translocation",NA,NA,NA,NA,NA,"FBXW7 translocation"
"rearr.165","PD36052a","FBXW7","4",153249271,153249272,"r.translocation",NA,NA,NA,NA,NA,"FBXW7 translocation"
"rearr.166","PD36052a","FBXW7","4",153249274,153249275,"r.translocation",NA,NA,NA,NA,NA,"FBXW7 translocation"
"rearr.167","PD36057a","RB1","13",49036974,49036977,"r.translocation",NA,NA,NA,NA,NA,"RB1 translocation"
"rearr.168","PD36057a","RB1","13",49048974,49048975,"r.translocation",NA,NA,NA,NA,NA,"RB1 translocation"
"rearr.169","PD36057a","MLLT4","13",168297247,168297248,"r.translocation",NA,NA,NA,NA,NA,"MLLT4 translocation"
"rearr.170","PD36057a","MLLT4","13",168290805,168290806,"r.translocation",NA,NA,NA,NA,NA,"MLLT4 translocation"
"rearr.171","PD36057a","FBXW7","4",153326233,153326234,"r.deletion",NA,NA,NA,NA,NA,"FBXW7 deletion"
"rearr.172","PD36057a","MLLT4","6",168290621,168290622,"r.tandem-duplication",NA,NA,NA,NA,NA,"MLLT4 tandem-duplication"
"rearr.173","PD36058a","RB1","4",49010802,49010803,"r.inversion",NA,NA,NA,NA,NA,"RB1 inversion"
"rearr.174","PD36058a","RB1","4",49005841,49005842,"r.inversion",NA,NA,NA,NA,NA,"RB1 inversion"
"rearr.175","PD36058a","RB1","4",48936470,48936475,"r.tandem-duplication",NA,NA,NA,NA,NA,"RB1 tandem-duplication"
"rearr.176","PD36060a","PTEN","10",89692689,89692690,"r.tandem-duplication",NA,NA,NA,NA,NA,"PTEN tandem-duplication"
"rearr.177","PD36060a","MAP3K1","5",56187366,56187370,"r.translocation",NA,NA,NA,NA,NA,"MAP3K1 translocation"
